{
  "dataset_revision": "local",
  "task_name": "ChempileRetrievalA2",
  "mteb_version": "2.10.14",
  "scores": {
    "test": [
      {
        "ndcg_at_1": 0.65589,
        "ndcg_at_3": 0.73345,
        "ndcg_at_5": 0.75089,
        "ndcg_at_10": 0.7659,
        "ndcg_at_20": 0.77516,
        "ndcg_at_100": 0.78568,
        "ndcg_at_1000": 0.7893,
        "map_at_1": 0.65589,
        "map_at_3": 0.71465,
        "map_at_5": 0.72439,
        "map_at_10": 0.7307,
        "map_at_20": 0.73326,
        "map_at_100": 0.7347,
        "map_at_1000": 0.73483,
        "recall_at_1": 0.65589,
        "recall_at_3": 0.78776,
        "recall_at_5": 0.82983,
        "recall_at_10": 0.87567,
        "recall_at_20": 0.91209,
        "recall_at_100": 0.96892,
        "recall_at_1000": 0.9978,
        "accuracy": 0.65589,
        "precision_at_1": 0.65589,
        "precision_at_3": 0.26259,
        "precision_at_5": 0.16597,
        "precision_at_10": 0.08757,
        "precision_at_20": 0.0456,
        "precision_at_100": 0.00969,
        "precision_at_1000": 0.001,
        "mrr_at_1": 0.655887,
        "mrr_at_3": 0.714652,
        "mrr_at_5": 0.724385,
        "mrr_at_10": 0.730696,
        "mrr_at_20": 0.733256,
        "mrr_at_100": 0.734696,
        "mrr_at_1000": 0.734825,
        "nauc_ndcg_at_1_max": 0.454793,
        "nauc_ndcg_at_1_std": -0.193814,
        "nauc_ndcg_at_1_diff1": 0.789783,
        "nauc_ndcg_at_3_max": 0.457292,
        "nauc_ndcg_at_3_std": -0.188227,
        "nauc_ndcg_at_3_diff1": 0.747949,
        "nauc_ndcg_at_5_max": 0.463125,
        "nauc_ndcg_at_5_std": -0.180406,
        "nauc_ndcg_at_5_diff1": 0.747972,
        "nauc_ndcg_at_10_max": 0.461129,
        "nauc_ndcg_at_10_std": -0.184199,
        "nauc_ndcg_at_10_diff1": 0.745842,
        "nauc_ndcg_at_20_max": 0.463118,
        "nauc_ndcg_at_20_std": -0.179644,
        "nauc_ndcg_at_20_diff1": 0.74681,
        "nauc_ndcg_at_100_max": 0.460533,
        "nauc_ndcg_at_100_std": -0.182071,
        "nauc_ndcg_at_100_diff1": 0.74838,
        "nauc_ndcg_at_1000_max": 0.459707,
        "nauc_ndcg_at_1000_std": -0.184933,
        "nauc_ndcg_at_1000_diff1": 0.752196,
        "nauc_map_at_1_max": 0.454793,
        "nauc_map_at_1_std": -0.193814,
        "nauc_map_at_1_diff1": 0.789783,
        "nauc_map_at_3_max": 0.456481,
        "nauc_map_at_3_std": -0.19145,
        "nauc_map_at_3_diff1": 0.759046,
        "nauc_map_at_5_max": 0.459358,
        "nauc_map_at_5_std": -0.187684,
        "nauc_map_at_5_diff1": 0.759315,
        "nauc_map_at_10_max": 0.458293,
        "nauc_map_at_10_std": -0.189388,
        "nauc_map_at_10_diff1": 0.758728,
        "nauc_map_at_20_max": 0.458575,
        "nauc_map_at_20_std": -0.188547,
        "nauc_map_at_20_diff1": 0.759036,
        "nauc_map_at_100_max": 0.458288,
        "nauc_map_at_100_std": -0.188898,
        "nauc_map_at_100_diff1": 0.759285,
        "nauc_map_at_1000_max": 0.458261,
        "nauc_map_at_1000_std": -0.188954,
        "nauc_map_at_1000_diff1": 0.759401,
        "nauc_recall_at_1_max": 0.454793,
        "nauc_recall_at_1_std": -0.193814,
        "nauc_recall_at_1_diff1": 0.789783,
        "nauc_recall_at_3_max": 0.460278,
        "nauc_recall_at_3_std": -0.175736,
        "nauc_recall_at_3_diff1": 0.708197,
        "nauc_recall_at_5_max": 0.480529,
        "nauc_recall_at_5_std": -0.146622,
        "nauc_recall_at_5_diff1": 0.700401,
        "nauc_recall_at_10_max": 0.478349,
        "nauc_recall_at_10_std": -0.153813,
        "nauc_recall_at_10_diff1": 0.674415,
        "nauc_recall_at_20_max": 0.505573,
        "nauc_recall_at_20_std": -0.098478,
        "nauc_recall_at_20_diff1": 0.656964,
        "nauc_recall_at_100_max": 0.494927,
        "nauc_recall_at_100_std": -0.028702,
        "nauc_recall_at_100_diff1": 0.542231,
        "nauc_recall_at_1000_max": 0.4516,
        "nauc_recall_at_1000_std": -0.040435,
        "nauc_recall_at_1000_diff1": 0.339526,
        "nauc_precision_at_1_max": 0.454793,
        "nauc_precision_at_1_std": -0.193814,
        "nauc_precision_at_1_diff1": 0.789783,
        "nauc_precision_at_3_max": 0.460278,
        "nauc_precision_at_3_std": -0.175736,
        "nauc_precision_at_3_diff1": 0.708197,
        "nauc_precision_at_5_max": 0.480529,
        "nauc_precision_at_5_std": -0.146622,
        "nauc_precision_at_5_diff1": 0.700401,
        "nauc_precision_at_10_max": 0.478349,
        "nauc_precision_at_10_std": -0.153813,
        "nauc_precision_at_10_diff1": 0.674415,
        "nauc_precision_at_20_max": 0.505573,
        "nauc_precision_at_20_std": -0.098478,
        "nauc_precision_at_20_diff1": 0.656964,
        "nauc_precision_at_100_max": 0.494927,
        "nauc_precision_at_100_std": -0.028702,
        "nauc_precision_at_100_diff1": 0.542231,
        "nauc_precision_at_1000_max": 0.4516,
        "nauc_precision_at_1000_std": -0.040435,
        "nauc_precision_at_1000_diff1": 0.339526,
        "nauc_mrr_at_1_max": 0.454793,
        "nauc_mrr_at_1_std": -0.193814,
        "nauc_mrr_at_1_diff1": 0.789783,
        "nauc_mrr_at_3_max": 0.456481,
        "nauc_mrr_at_3_std": -0.19145,
        "nauc_mrr_at_3_diff1": 0.759046,
        "nauc_mrr_at_5_max": 0.459358,
        "nauc_mrr_at_5_std": -0.187684,
        "nauc_mrr_at_5_diff1": 0.759315,
        "nauc_mrr_at_10_max": 0.458293,
        "nauc_mrr_at_10_std": -0.189388,
        "nauc_mrr_at_10_diff1": 0.758728,
        "nauc_mrr_at_20_max": 0.458575,
        "nauc_mrr_at_20_std": -0.188547,
        "nauc_mrr_at_20_diff1": 0.759036,
        "nauc_mrr_at_100_max": 0.458288,
        "nauc_mrr_at_100_std": -0.188898,
        "nauc_mrr_at_100_diff1": 0.759285,
        "nauc_mrr_at_1000_max": 0.458261,
        "nauc_mrr_at_1000_std": -0.188954,
        "nauc_mrr_at_1000_diff1": 0.759401,
        "hit_rate_at_1": 0.65589,
        "hit_rate_at_3": 0.78776,
        "hit_rate_at_5": 0.82983,
        "hit_rate_at_10": 0.87567,
        "hit_rate_at_20": 0.91209,
        "hit_rate_at_100": 0.96892,
        "hit_rate_at_1000": 0.9978,
        "main_score": 0.7659,
        "hf_subset": "default",
        "languages": [
          "eng-Latn"
        ]
      }
    ]
  },
  "evaluation_time": 286.86127376556396,
  "kg_co2_emissions": null,
  "date": null
}