{
  "dataset_revision": "local",
  "task_name": "ChempileRetrievalC1",
  "mteb_version": "2.10.14",
  "scores": {
    "test": [
      {
        "ndcg_at_1": 0.42986,
        "ndcg_at_3": 0.50662,
        "ndcg_at_5": 0.53013,
        "ndcg_at_10": 0.55159,
        "ndcg_at_20": 0.56638,
        "ndcg_at_100": 0.588,
        "ndcg_at_1000": 0.60031,
        "map_at_1": 0.42986,
        "map_at_3": 0.4877,
        "map_at_5": 0.50076,
        "map_at_10": 0.50967,
        "map_at_20": 0.51375,
        "map_at_100": 0.51675,
        "map_at_1000": 0.51718,
        "recall_at_1": 0.42986,
        "recall_at_3": 0.56138,
        "recall_at_5": 0.61838,
        "recall_at_10": 0.68451,
        "recall_at_20": 0.74283,
        "recall_at_100": 0.85923,
        "recall_at_1000": 0.95812,
        "accuracy": 0.42986,
        "precision_at_1": 0.42986,
        "precision_at_3": 0.18713,
        "precision_at_5": 0.12368,
        "precision_at_10": 0.06845,
        "precision_at_20": 0.03714,
        "precision_at_100": 0.00859,
        "precision_at_1000": 0.00096,
        "mrr_at_1": 0.429857,
        "mrr_at_3": 0.4877,
        "mrr_at_5": 0.500762,
        "mrr_at_10": 0.509672,
        "mrr_at_20": 0.513747,
        "mrr_at_100": 0.516747,
        "mrr_at_1000": 0.517177,
        "nauc_ndcg_at_1_max": 0.396566,
        "nauc_ndcg_at_1_std": -0.078121,
        "nauc_ndcg_at_1_diff1": 0.681452,
        "nauc_ndcg_at_3_max": 0.391918,
        "nauc_ndcg_at_3_std": -0.057972,
        "nauc_ndcg_at_3_diff1": 0.62649,
        "nauc_ndcg_at_5_max": 0.389376,
        "nauc_ndcg_at_5_std": -0.052256,
        "nauc_ndcg_at_5_diff1": 0.617568,
        "nauc_ndcg_at_10_max": 0.387335,
        "nauc_ndcg_at_10_std": -0.048807,
        "nauc_ndcg_at_10_diff1": 0.610787,
        "nauc_ndcg_at_20_max": 0.387842,
        "nauc_ndcg_at_20_std": -0.043067,
        "nauc_ndcg_at_20_diff1": 0.609181,
        "nauc_ndcg_at_100_max": 0.390258,
        "nauc_ndcg_at_100_std": -0.037786,
        "nauc_ndcg_at_100_diff1": 0.611678,
        "nauc_ndcg_at_1000_max": 0.391336,
        "nauc_ndcg_at_1000_std": -0.041318,
        "nauc_ndcg_at_1000_diff1": 0.61738,
        "nauc_map_at_1_max": 0.396566,
        "nauc_map_at_1_std": -0.078121,
        "nauc_map_at_1_diff1": 0.681452,
        "nauc_map_at_3_max": 0.392279,
        "nauc_map_at_3_std": -0.06351,
        "nauc_map_at_3_diff1": 0.639397,
        "nauc_map_at_5_max": 0.390778,
        "nauc_map_at_5_std": -0.060531,
        "nauc_map_at_5_diff1": 0.634679,
        "nauc_map_at_10_max": 0.390195,
        "nauc_map_at_10_std": -0.059128,
        "nauc_map_at_10_diff1": 0.632346,
        "nauc_map_at_20_max": 0.390379,
        "nauc_map_at_20_std": -0.057738,
        "nauc_map_at_20_diff1": 0.632133,
        "nauc_map_at_100_max": 0.390732,
        "nauc_map_at_100_std": -0.057012,
        "nauc_map_at_100_diff1": 0.632495,
        "nauc_map_at_1000_max": 0.390785,
        "nauc_map_at_1000_std": -0.057095,
        "nauc_map_at_1000_diff1": 0.632675,
        "nauc_recall_at_1_max": 0.396566,
        "nauc_recall_at_1_std": -0.078121,
        "nauc_recall_at_1_diff1": 0.681452,
        "nauc_recall_at_3_max": 0.391168,
        "nauc_recall_at_3_std": -0.040888,
        "nauc_recall_at_3_diff1": 0.587549,
        "nauc_recall_at_5_max": 0.384991,
        "nauc_recall_at_5_std": -0.024302,
        "nauc_recall_at_5_diff1": 0.561314,
        "nauc_recall_at_10_max": 0.375513,
        "nauc_recall_at_10_std": -0.008874,
        "nauc_recall_at_10_diff1": 0.528009,
        "nauc_recall_at_20_max": 0.375864,
        "nauc_recall_at_20_std": 0.028797,
        "nauc_recall_at_20_diff1": 0.504778,
        "nauc_recall_at_100_max": 0.394628,
        "nauc_recall_at_100_std": 0.133243,
        "nauc_recall_at_100_diff1": 0.465943,
        "nauc_recall_at_1000_max": 0.45598,
        "nauc_recall_at_1000_std": 0.305477,
        "nauc_recall_at_1000_diff1": 0.456093,
        "nauc_precision_at_1_max": 0.396566,
        "nauc_precision_at_1_std": -0.078121,
        "nauc_precision_at_1_diff1": 0.681452,
        "nauc_precision_at_3_max": 0.391168,
        "nauc_precision_at_3_std": -0.040888,
        "nauc_precision_at_3_diff1": 0.587549,
        "nauc_precision_at_5_max": 0.384991,
        "nauc_precision_at_5_std": -0.024302,
        "nauc_precision_at_5_diff1": 0.561314,
        "nauc_precision_at_10_max": 0.375513,
        "nauc_precision_at_10_std": -0.008874,
        "nauc_precision_at_10_diff1": 0.528009,
        "nauc_precision_at_20_max": 0.375864,
        "nauc_precision_at_20_std": 0.028797,
        "nauc_precision_at_20_diff1": 0.504778,
        "nauc_precision_at_100_max": 0.394628,
        "nauc_precision_at_100_std": 0.133243,
        "nauc_precision_at_100_diff1": 0.465943,
        "nauc_precision_at_1000_max": 0.45598,
        "nauc_precision_at_1000_std": 0.305477,
        "nauc_precision_at_1000_diff1": 0.456093,
        "nauc_mrr_at_1_max": 0.396566,
        "nauc_mrr_at_1_std": -0.078121,
        "nauc_mrr_at_1_diff1": 0.681452,
        "nauc_mrr_at_3_max": 0.392279,
        "nauc_mrr_at_3_std": -0.06351,
        "nauc_mrr_at_3_diff1": 0.639397,
        "nauc_mrr_at_5_max": 0.390778,
        "nauc_mrr_at_5_std": -0.060531,
        "nauc_mrr_at_5_diff1": 0.634679,
        "nauc_mrr_at_10_max": 0.390195,
        "nauc_mrr_at_10_std": -0.059128,
        "nauc_mrr_at_10_diff1": 0.632346,
        "nauc_mrr_at_20_max": 0.390379,
        "nauc_mrr_at_20_std": -0.057738,
        "nauc_mrr_at_20_diff1": 0.632133,
        "nauc_mrr_at_100_max": 0.390732,
        "nauc_mrr_at_100_std": -0.057012,
        "nauc_mrr_at_100_diff1": 0.632495,
        "nauc_mrr_at_1000_max": 0.390785,
        "nauc_mrr_at_1000_std": -0.057095,
        "nauc_mrr_at_1000_diff1": 0.632675,
        "hit_rate_at_1": 0.42986,
        "hit_rate_at_3": 0.56138,
        "hit_rate_at_5": 0.61838,
        "hit_rate_at_10": 0.68451,
        "hit_rate_at_20": 0.74283,
        "hit_rate_at_100": 0.85923,
        "hit_rate_at_1000": 0.95812,
        "main_score": 0.55159,
        "hf_subset": "default",
        "languages": [
          "eng-Latn"
        ]
      }
    ]
  },
  "evaluation_time": 556.7711160182953,
  "kg_co2_emissions": null,
  "date": null
}