{
  "dataset_revision": "local",
  "task_name": "ChempileRetrievalA1",
  "mteb_version": "2.10.14",
  "scores": {
    "test": [
      {
        "ndcg_at_1": 0.481,
        "ndcg_at_3": 0.56168,
        "ndcg_at_5": 0.58477,
        "ndcg_at_10": 0.60643,
        "ndcg_at_20": 0.62031,
        "ndcg_at_100": 0.64105,
        "ndcg_at_1000": 0.65032,
        "map_at_1": 0.481,
        "map_at_3": 0.54192,
        "map_at_5": 0.55469,
        "map_at_10": 0.56372,
        "map_at_20": 0.56756,
        "map_at_100": 0.57046,
        "map_at_1000": 0.57079,
        "recall_at_1": 0.481,
        "recall_at_3": 0.61884,
        "recall_at_5": 0.67504,
        "recall_at_10": 0.7416,
        "recall_at_20": 0.79623,
        "recall_at_100": 0.90738,
        "recall_at_1000": 0.98148,
        "accuracy": 0.481,
        "precision_at_1": 0.481,
        "precision_at_3": 0.20628,
        "precision_at_5": 0.13501,
        "precision_at_10": 0.07416,
        "precision_at_20": 0.03981,
        "precision_at_100": 0.00907,
        "precision_at_1000": 0.00098,
        "mrr_at_1": 0.481005,
        "mrr_at_3": 0.541915,
        "mrr_at_5": 0.554694,
        "mrr_at_10": 0.563716,
        "mrr_at_20": 0.567561,
        "mrr_at_100": 0.570461,
        "mrr_at_1000": 0.570789,
        "nauc_ndcg_at_1_max": 0.396358,
        "nauc_ndcg_at_1_std": -0.159749,
        "nauc_ndcg_at_1_diff1": 0.702018,
        "nauc_ndcg_at_3_max": 0.395181,
        "nauc_ndcg_at_3_std": -0.157024,
        "nauc_ndcg_at_3_diff1": 0.656541,
        "nauc_ndcg_at_5_max": 0.394991,
        "nauc_ndcg_at_5_std": -0.147587,
        "nauc_ndcg_at_5_diff1": 0.6514,
        "nauc_ndcg_at_10_max": 0.390841,
        "nauc_ndcg_at_10_std": -0.145592,
        "nauc_ndcg_at_10_diff1": 0.646205,
        "nauc_ndcg_at_20_max": 0.39267,
        "nauc_ndcg_at_20_std": -0.141322,
        "nauc_ndcg_at_20_diff1": 0.644173,
        "nauc_ndcg_at_100_max": 0.396506,
        "nauc_ndcg_at_100_std": -0.134888,
        "nauc_ndcg_at_100_diff1": 0.649697,
        "nauc_ndcg_at_1000_max": 0.39639,
        "nauc_ndcg_at_1000_std": -0.139698,
        "nauc_ndcg_at_1000_diff1": 0.653864,
        "nauc_map_at_1_max": 0.396358,
        "nauc_map_at_1_std": -0.159749,
        "nauc_map_at_1_diff1": 0.702018,
        "nauc_map_at_3_max": 0.395898,
        "nauc_map_at_3_std": -0.15751,
        "nauc_map_at_3_diff1": 0.668405,
        "nauc_map_at_5_max": 0.395919,
        "nauc_map_at_5_std": -0.152682,
        "nauc_map_at_5_diff1": 0.666031,
        "nauc_map_at_10_max": 0.394236,
        "nauc_map_at_10_std": -0.151863,
        "nauc_map_at_10_diff1": 0.664124,
        "nauc_map_at_20_max": 0.394846,
        "nauc_map_at_20_std": -0.150768,
        "nauc_map_at_20_diff1": 0.663857,
        "nauc_map_at_100_max": 0.395358,
        "nauc_map_at_100_std": -0.149874,
        "nauc_map_at_100_diff1": 0.66462,
        "nauc_map_at_1000_max": 0.39536,
        "nauc_map_at_1000_std": -0.149981,
        "nauc_map_at_1000_diff1": 0.664735,
        "nauc_recall_at_1_max": 0.396358,
        "nauc_recall_at_1_std": -0.159749,
        "nauc_recall_at_1_diff1": 0.702018,
        "nauc_recall_at_3_max": 0.392735,
        "nauc_recall_at_3_std": -0.15559,
        "nauc_recall_at_3_diff1": 0.619085,
        "nauc_recall_at_5_max": 0.391404,
        "nauc_recall_at_5_std": -0.1283,
        "nauc_recall_at_5_diff1": 0.600014,
        "nauc_recall_at_10_max": 0.374749,
        "nauc_recall_at_10_std": -0.117605,
        "nauc_recall_at_10_diff1": 0.570542,
        "nauc_recall_at_20_max": 0.380776,
        "nauc_recall_at_20_std": -0.087254,
        "nauc_recall_at_20_diff1": 0.541617,
        "nauc_recall_at_100_max": 0.4266,
        "nauc_recall_at_100_std": 0.060067,
        "nauc_recall_at_100_diff1": 0.522918,
        "nauc_recall_at_1000_max": 0.530631,
        "nauc_recall_at_1000_std": 0.252152,
        "nauc_recall_at_1000_diff1": 0.507648,
        "nauc_precision_at_1_max": 0.396358,
        "nauc_precision_at_1_std": -0.159749,
        "nauc_precision_at_1_diff1": 0.702018,
        "nauc_precision_at_3_max": 0.392735,
        "nauc_precision_at_3_std": -0.15559,
        "nauc_precision_at_3_diff1": 0.619085,
        "nauc_precision_at_5_max": 0.391404,
        "nauc_precision_at_5_std": -0.1283,
        "nauc_precision_at_5_diff1": 0.600014,
        "nauc_precision_at_10_max": 0.374749,
        "nauc_precision_at_10_std": -0.117605,
        "nauc_precision_at_10_diff1": 0.570542,
        "nauc_precision_at_20_max": 0.380776,
        "nauc_precision_at_20_std": -0.087254,
        "nauc_precision_at_20_diff1": 0.541617,
        "nauc_precision_at_100_max": 0.4266,
        "nauc_precision_at_100_std": 0.060067,
        "nauc_precision_at_100_diff1": 0.522918,
        "nauc_precision_at_1000_max": 0.530631,
        "nauc_precision_at_1000_std": 0.252152,
        "nauc_precision_at_1000_diff1": 0.507648,
        "nauc_mrr_at_1_max": 0.396358,
        "nauc_mrr_at_1_std": -0.159749,
        "nauc_mrr_at_1_diff1": 0.702018,
        "nauc_mrr_at_3_max": 0.395898,
        "nauc_mrr_at_3_std": -0.15751,
        "nauc_mrr_at_3_diff1": 0.668405,
        "nauc_mrr_at_5_max": 0.395919,
        "nauc_mrr_at_5_std": -0.152682,
        "nauc_mrr_at_5_diff1": 0.666031,
        "nauc_mrr_at_10_max": 0.394236,
        "nauc_mrr_at_10_std": -0.151863,
        "nauc_mrr_at_10_diff1": 0.664124,
        "nauc_mrr_at_20_max": 0.394846,
        "nauc_mrr_at_20_std": -0.150768,
        "nauc_mrr_at_20_diff1": 0.663857,
        "nauc_mrr_at_100_max": 0.395358,
        "nauc_mrr_at_100_std": -0.149874,
        "nauc_mrr_at_100_diff1": 0.66462,
        "nauc_mrr_at_1000_max": 0.39536,
        "nauc_mrr_at_1000_std": -0.149981,
        "nauc_mrr_at_1000_diff1": 0.664735,
        "hit_rate_at_1": 0.481,
        "hit_rate_at_3": 0.61884,
        "hit_rate_at_5": 0.67504,
        "hit_rate_at_10": 0.7416,
        "hit_rate_at_20": 0.79623,
        "hit_rate_at_100": 0.90738,
        "hit_rate_at_1000": 0.98148,
        "main_score": 0.60643,
        "hf_subset": "default",
        "languages": [
          "eng-Latn"
        ]
      }
    ]
  },
  "evaluation_time": 192.31058287620544,
  "kg_co2_emissions": null,
  "date": null
}