{
  "dataset_revision": "local",
  "task_name": "ChempileRetrievalB2",
  "mteb_version": "2.10.14",
  "scores": {
    "test": [
      {
        "ndcg_at_1": 0.65321,
        "ndcg_at_3": 0.73161,
        "ndcg_at_5": 0.74877,
        "ndcg_at_10": 0.76464,
        "ndcg_at_20": 0.77397,
        "ndcg_at_100": 0.78425,
        "ndcg_at_1000": 0.78778,
        "map_at_1": 0.65321,
        "map_at_3": 0.71247,
        "map_at_5": 0.72204,
        "map_at_10": 0.72874,
        "map_at_20": 0.73131,
        "map_at_100": 0.73271,
        "map_at_1000": 0.73283,
        "recall_at_1": 0.65321,
        "recall_at_3": 0.78693,
        "recall_at_5": 0.82839,
        "recall_at_10": 0.87672,
        "recall_at_20": 0.91351,
        "recall_at_100": 0.96925,
        "recall_at_1000": 0.99725,
        "accuracy": 0.65321,
        "precision_at_1": 0.65321,
        "precision_at_3": 0.26231,
        "precision_at_5": 0.16568,
        "precision_at_10": 0.08767,
        "precision_at_20": 0.04568,
        "precision_at_100": 0.00969,
        "precision_at_1000": 0.001,
        "mrr_at_1": 0.653213,
        "mrr_at_3": 0.712475,
        "mrr_at_5": 0.722044,
        "mrr_at_10": 0.728737,
        "mrr_at_20": 0.731314,
        "mrr_at_100": 0.732706,
        "mrr_at_1000": 0.732833,
        "nauc_ndcg_at_1_max": 0.455194,
        "nauc_ndcg_at_1_std": -0.172609,
        "nauc_ndcg_at_1_diff1": 0.782576,
        "nauc_ndcg_at_3_max": 0.455464,
        "nauc_ndcg_at_3_std": -0.170796,
        "nauc_ndcg_at_3_diff1": 0.741238,
        "nauc_ndcg_at_5_max": 0.460844,
        "nauc_ndcg_at_5_std": -0.163791,
        "nauc_ndcg_at_5_diff1": 0.739807,
        "nauc_ndcg_at_10_max": 0.457379,
        "nauc_ndcg_at_10_std": -0.166359,
        "nauc_ndcg_at_10_diff1": 0.737343,
        "nauc_ndcg_at_20_max": 0.460401,
        "nauc_ndcg_at_20_std": -0.162484,
        "nauc_ndcg_at_20_diff1": 0.738866,
        "nauc_ndcg_at_100_max": 0.458187,
        "nauc_ndcg_at_100_std": -0.163957,
        "nauc_ndcg_at_100_diff1": 0.741389,
        "nauc_ndcg_at_1000_max": 0.457874,
        "nauc_ndcg_at_1000_std": -0.166241,
        "nauc_ndcg_at_1000_diff1": 0.744671,
        "nauc_map_at_1_max": 0.455194,
        "nauc_map_at_1_std": -0.172609,
        "nauc_map_at_1_diff1": 0.782576,
        "nauc_map_at_3_max": 0.455334,
        "nauc_map_at_3_std": -0.172794,
        "nauc_map_at_3_diff1": 0.752159,
        "nauc_map_at_5_max": 0.457976,
        "nauc_map_at_5_std": -0.169378,
        "nauc_map_at_5_diff1": 0.751644,
        "nauc_map_at_10_max": 0.456451,
        "nauc_map_at_10_std": -0.170619,
        "nauc_map_at_10_diff1": 0.751024,
        "nauc_map_at_20_max": 0.457001,
        "nauc_map_at_20_std": -0.169914,
        "nauc_map_at_20_diff1": 0.751465,
        "nauc_map_at_100_max": 0.456779,
        "nauc_map_at_100_std": -0.1701,
        "nauc_map_at_100_diff1": 0.751793,
        "nauc_map_at_1000_max": 0.45677,
        "nauc_map_at_1000_std": -0.170134,
        "nauc_map_at_1000_diff1": 0.751895,
        "nauc_recall_at_1_max": 0.455194,
        "nauc_recall_at_1_std": -0.172609,
        "nauc_recall_at_1_diff1": 0.782576,
        "nauc_recall_at_3_max": 0.455964,
        "nauc_recall_at_3_std": -0.162792,
        "nauc_recall_at_3_diff1": 0.702046,
        "nauc_recall_at_5_max": 0.474339,
        "nauc_recall_at_5_std": -0.137543,
        "nauc_recall_at_5_diff1": 0.689976,
        "nauc_recall_at_10_max": 0.462684,
        "nauc_recall_at_10_std": -0.14024,
        "nauc_recall_at_10_diff1": 0.65974,
        "nauc_recall_at_20_max": 0.494994,
        "nauc_recall_at_20_std": -0.091801,
        "nauc_recall_at_20_diff1": 0.644261,
        "nauc_recall_at_100_max": 0.477985,
        "nauc_recall_at_100_std": -0.017445,
        "nauc_recall_at_100_diff1": 0.557597,
        "nauc_recall_at_1000_max": 0.540312,
        "nauc_recall_at_1000_std": 0.123728,
        "nauc_recall_at_1000_diff1": 0.415817,
        "nauc_precision_at_1_max": 0.455194,
        "nauc_precision_at_1_std": -0.172609,
        "nauc_precision_at_1_diff1": 0.782576,
        "nauc_precision_at_3_max": 0.455964,
        "nauc_precision_at_3_std": -0.162792,
        "nauc_precision_at_3_diff1": 0.702046,
        "nauc_precision_at_5_max": 0.474339,
        "nauc_precision_at_5_std": -0.137543,
        "nauc_precision_at_5_diff1": 0.689976,
        "nauc_precision_at_10_max": 0.462684,
        "nauc_precision_at_10_std": -0.14024,
        "nauc_precision_at_10_diff1": 0.65974,
        "nauc_precision_at_20_max": 0.494994,
        "nauc_precision_at_20_std": -0.091801,
        "nauc_precision_at_20_diff1": 0.644261,
        "nauc_precision_at_100_max": 0.477985,
        "nauc_precision_at_100_std": -0.017445,
        "nauc_precision_at_100_diff1": 0.557597,
        "nauc_precision_at_1000_max": 0.540312,
        "nauc_precision_at_1000_std": 0.123728,
        "nauc_precision_at_1000_diff1": 0.415817,
        "nauc_mrr_at_1_max": 0.455194,
        "nauc_mrr_at_1_std": -0.172609,
        "nauc_mrr_at_1_diff1": 0.782576,
        "nauc_mrr_at_3_max": 0.455334,
        "nauc_mrr_at_3_std": -0.172794,
        "nauc_mrr_at_3_diff1": 0.752159,
        "nauc_mrr_at_5_max": 0.457976,
        "nauc_mrr_at_5_std": -0.169378,
        "nauc_mrr_at_5_diff1": 0.751644,
        "nauc_mrr_at_10_max": 0.456451,
        "nauc_mrr_at_10_std": -0.170619,
        "nauc_mrr_at_10_diff1": 0.751024,
        "nauc_mrr_at_20_max": 0.457001,
        "nauc_mrr_at_20_std": -0.169914,
        "nauc_mrr_at_20_diff1": 0.751465,
        "nauc_mrr_at_100_max": 0.456779,
        "nauc_mrr_at_100_std": -0.1701,
        "nauc_mrr_at_100_diff1": 0.751793,
        "nauc_mrr_at_1000_max": 0.45677,
        "nauc_mrr_at_1000_std": -0.170134,
        "nauc_mrr_at_1000_diff1": 0.751895,
        "hit_rate_at_1": 0.65321,
        "hit_rate_at_3": 0.78693,
        "hit_rate_at_5": 0.82839,
        "hit_rate_at_10": 0.87672,
        "hit_rate_at_20": 0.91351,
        "hit_rate_at_100": 0.96925,
        "hit_rate_at_1000": 0.99725,
        "main_score": 0.76464,
        "hf_subset": "default",
        "languages": [
          "eng-Latn"
        ]
      }
    ]
  },
  "evaluation_time": 339.99859714508057,
  "kg_co2_emissions": null,
  "date": null
}