{
  "dataset_revision": "local",
  "task_name": "ChempileRetrievalA3",
  "mteb_version": "2.10.14",
  "scores": {
    "test": [
      {
        "ndcg_at_1": 0.62072,
        "ndcg_at_3": 0.69997,
        "ndcg_at_5": 0.72055,
        "ndcg_at_10": 0.73685,
        "ndcg_at_20": 0.74736,
        "ndcg_at_100": 0.75983,
        "ndcg_at_1000": 0.76413,
        "map_at_1": 0.62072,
        "map_at_3": 0.68106,
        "map_at_5": 0.69249,
        "map_at_10": 0.69925,
        "map_at_20": 0.70215,
        "map_at_100": 0.70388,
        "map_at_1000": 0.70406,
        "recall_at_1": 0.62072,
        "recall_at_3": 0.75447,
        "recall_at_5": 0.8044,
        "recall_at_10": 0.85463,
        "recall_at_20": 0.89608,
        "recall_at_100": 0.96295,
        "recall_at_1000": 0.99592,
        "accuracy": 0.62072,
        "precision_at_1": 0.62072,
        "precision_at_3": 0.25149,
        "precision_at_5": 0.16088,
        "precision_at_10": 0.08546,
        "precision_at_20": 0.0448,
        "precision_at_100": 0.00963,
        "precision_at_1000": 0.001,
        "mrr_at_1": 0.620722,
        "mrr_at_3": 0.681057,
        "mrr_at_5": 0.692486,
        "mrr_at_10": 0.699248,
        "mrr_at_20": 0.702146,
        "mrr_at_100": 0.703885,
        "mrr_at_1000": 0.704063,
        "nauc_ndcg_at_1_max": 0.498388,
        "nauc_ndcg_at_1_std": -0.144097,
        "nauc_ndcg_at_1_diff1": 0.76544,
        "nauc_ndcg_at_3_max": 0.504985,
        "nauc_ndcg_at_3_std": -0.148585,
        "nauc_ndcg_at_3_diff1": 0.727428,
        "nauc_ndcg_at_5_max": 0.505633,
        "nauc_ndcg_at_5_std": -0.143916,
        "nauc_ndcg_at_5_diff1": 0.719809,
        "nauc_ndcg_at_10_max": 0.510065,
        "nauc_ndcg_at_10_std": -0.143957,
        "nauc_ndcg_at_10_diff1": 0.723839,
        "nauc_ndcg_at_20_max": 0.51207,
        "nauc_ndcg_at_20_std": -0.137492,
        "nauc_ndcg_at_20_diff1": 0.723982,
        "nauc_ndcg_at_100_max": 0.51036,
        "nauc_ndcg_at_100_std": -0.140386,
        "nauc_ndcg_at_100_diff1": 0.729073,
        "nauc_ndcg_at_1000_max": 0.507896,
        "nauc_ndcg_at_1000_std": -0.142167,
        "nauc_ndcg_at_1000_diff1": 0.730562,
        "nauc_map_at_1_max": 0.498388,
        "nauc_map_at_1_std": -0.144097,
        "nauc_map_at_1_diff1": 0.76544,
        "nauc_map_at_3_max": 0.502833,
        "nauc_map_at_3_std": -0.147432,
        "nauc_map_at_3_diff1": 0.736493,
        "nauc_map_at_5_max": 0.502968,
        "nauc_map_at_5_std": -0.145273,
        "nauc_map_at_5_diff1": 0.732841,
        "nauc_map_at_10_max": 0.504872,
        "nauc_map_at_10_std": -0.145263,
        "nauc_map_at_10_diff1": 0.734828,
        "nauc_map_at_20_max": 0.505329,
        "nauc_map_at_20_std": -0.143734,
        "nauc_map_at_20_diff1": 0.734994,
        "nauc_map_at_100_max": 0.504995,
        "nauc_map_at_100_std": -0.144224,
        "nauc_map_at_100_diff1": 0.735633,
        "nauc_map_at_1000_max": 0.504908,
        "nauc_map_at_1000_std": -0.144285,
        "nauc_map_at_1000_diff1": 0.735691,
        "nauc_recall_at_1_max": 0.498388,
        "nauc_recall_at_1_std": -0.144097,
        "nauc_recall_at_1_diff1": 0.76544,
        "nauc_recall_at_3_max": 0.512675,
        "nauc_recall_at_3_std": -0.152575,
        "nauc_recall_at_3_diff1": 0.696437,
        "nauc_recall_at_5_max": 0.517022,
        "nauc_recall_at_5_std": -0.136925,
        "nauc_recall_at_5_diff1": 0.666206,
        "nauc_recall_at_10_max": 0.53952,
        "nauc_recall_at_10_std": -0.135597,
        "nauc_recall_at_10_diff1": 0.667705,
        "nauc_recall_at_20_max": 0.565789,
        "nauc_recall_at_20_std": -0.079301,
        "nauc_recall_at_20_diff1": 0.648921,
        "nauc_recall_at_100_max": 0.61952,
        "nauc_recall_at_100_std": -0.049335,
        "nauc_recall_at_100_diff1": 0.665593,
        "nauc_recall_at_1000_max": 0.568141,
        "nauc_recall_at_1000_std": -0.000861,
        "nauc_recall_at_1000_diff1": 0.695364,
        "nauc_precision_at_1_max": 0.498388,
        "nauc_precision_at_1_std": -0.144097,
        "nauc_precision_at_1_diff1": 0.76544,
        "nauc_precision_at_3_max": 0.512675,
        "nauc_precision_at_3_std": -0.152575,
        "nauc_precision_at_3_diff1": 0.696437,
        "nauc_precision_at_5_max": 0.517022,
        "nauc_precision_at_5_std": -0.136925,
        "nauc_precision_at_5_diff1": 0.666206,
        "nauc_precision_at_10_max": 0.53952,
        "nauc_precision_at_10_std": -0.135597,
        "nauc_precision_at_10_diff1": 0.667705,
        "nauc_precision_at_20_max": 0.565789,
        "nauc_precision_at_20_std": -0.079301,
        "nauc_precision_at_20_diff1": 0.648921,
        "nauc_precision_at_100_max": 0.61952,
        "nauc_precision_at_100_std": -0.049335,
        "nauc_precision_at_100_diff1": 0.665593,
        "nauc_precision_at_1000_max": 0.568141,
        "nauc_precision_at_1000_std": -0.000861,
        "nauc_precision_at_1000_diff1": 0.695364,
        "nauc_mrr_at_1_max": 0.498388,
        "nauc_mrr_at_1_std": -0.144097,
        "nauc_mrr_at_1_diff1": 0.76544,
        "nauc_mrr_at_3_max": 0.502833,
        "nauc_mrr_at_3_std": -0.147432,
        "nauc_mrr_at_3_diff1": 0.736493,
        "nauc_mrr_at_5_max": 0.502968,
        "nauc_mrr_at_5_std": -0.145273,
        "nauc_mrr_at_5_diff1": 0.732841,
        "nauc_mrr_at_10_max": 0.504872,
        "nauc_mrr_at_10_std": -0.145263,
        "nauc_mrr_at_10_diff1": 0.734828,
        "nauc_mrr_at_20_max": 0.505329,
        "nauc_mrr_at_20_std": -0.143734,
        "nauc_mrr_at_20_diff1": 0.734994,
        "nauc_mrr_at_100_max": 0.504995,
        "nauc_mrr_at_100_std": -0.144224,
        "nauc_mrr_at_100_diff1": 0.735633,
        "nauc_mrr_at_1000_max": 0.504908,
        "nauc_mrr_at_1000_std": -0.144285,
        "nauc_mrr_at_1000_diff1": 0.735691,
        "hit_rate_at_1": 0.62072,
        "hit_rate_at_3": 0.75447,
        "hit_rate_at_5": 0.8044,
        "hit_rate_at_10": 0.85463,
        "hit_rate_at_20": 0.89608,
        "hit_rate_at_100": 0.96295,
        "hit_rate_at_1000": 0.99592,
        "main_score": 0.73685,
        "hf_subset": "default",
        "languages": [
          "eng-Latn"
        ]
      }
    ]
  },
  "evaluation_time": 289.02136611938477,
  "kg_co2_emissions": null,
  "date": null
}