{
  "dataset_revision": "local",
  "task_name": "ChempileRetrievalC2",
  "mteb_version": "2.10.14",
  "scores": {
    "test": [
      {
        "ndcg_at_1": 0.53642,
        "ndcg_at_3": 0.61723,
        "ndcg_at_5": 0.64056,
        "ndcg_at_10": 0.66094,
        "ndcg_at_20": 0.67294,
        "ndcg_at_100": 0.6883,
        "ndcg_at_1000": 0.69641,
        "map_at_1": 0.53642,
        "map_at_3": 0.59778,
        "map_at_5": 0.61073,
        "map_at_10": 0.61923,
        "map_at_20": 0.62254,
        "map_at_100": 0.62467,
        "map_at_1000": 0.62497,
        "recall_at_1": 0.53642,
        "recall_at_3": 0.67335,
        "recall_at_5": 0.72999,
        "recall_at_10": 0.79251,
        "recall_at_20": 0.83991,
        "recall_at_100": 0.9226,
        "recall_at_1000": 0.9868,
        "accuracy": 0.53642,
        "precision_at_1": 0.53642,
        "precision_at_3": 0.22445,
        "precision_at_5": 0.146,
        "precision_at_10": 0.07925,
        "precision_at_20": 0.042,
        "precision_at_100": 0.00923,
        "precision_at_1000": 0.00099,
        "mrr_at_1": 0.536421,
        "mrr_at_3": 0.597784,
        "mrr_at_5": 0.610726,
        "mrr_at_10": 0.619234,
        "mrr_at_20": 0.622536,
        "mrr_at_100": 0.624667,
        "mrr_at_1000": 0.624966,
        "nauc_ndcg_at_1_max": 0.450877,
        "nauc_ndcg_at_1_std": -0.097984,
        "nauc_ndcg_at_1_diff1": 0.727381,
        "nauc_ndcg_at_3_max": 0.442615,
        "nauc_ndcg_at_3_std": -0.103714,
        "nauc_ndcg_at_3_diff1": 0.673741,
        "nauc_ndcg_at_5_max": 0.440912,
        "nauc_ndcg_at_5_std": -0.099855,
        "nauc_ndcg_at_5_diff1": 0.664729,
        "nauc_ndcg_at_10_max": 0.439228,
        "nauc_ndcg_at_10_std": -0.096918,
        "nauc_ndcg_at_10_diff1": 0.661082,
        "nauc_ndcg_at_20_max": 0.443531,
        "nauc_ndcg_at_20_std": -0.091274,
        "nauc_ndcg_at_20_diff1": 0.664662,
        "nauc_ndcg_at_100_max": 0.44326,
        "nauc_ndcg_at_100_std": -0.090181,
        "nauc_ndcg_at_100_diff1": 0.669415,
        "nauc_ndcg_at_1000_max": 0.44334,
        "nauc_ndcg_at_1000_std": -0.092676,
        "nauc_ndcg_at_1000_diff1": 0.672673,
        "nauc_map_at_1_max": 0.450877,
        "nauc_map_at_1_std": -0.097984,
        "nauc_map_at_1_diff1": 0.727381,
        "nauc_map_at_3_max": 0.444488,
        "nauc_map_at_3_std": -0.102677,
        "nauc_map_at_3_diff1": 0.686795,
        "nauc_map_at_5_max": 0.443546,
        "nauc_map_at_5_std": -0.100776,
        "nauc_map_at_5_diff1": 0.682312,
        "nauc_map_at_10_max": 0.442904,
        "nauc_map_at_10_std": -0.099789,
        "nauc_map_at_10_diff1": 0.681357,
        "nauc_map_at_20_max": 0.444071,
        "nauc_map_at_20_std": -0.098326,
        "nauc_map_at_20_diff1": 0.682431,
        "nauc_map_at_100_max": 0.444033,
        "nauc_map_at_100_std": -0.098061,
        "nauc_map_at_100_diff1": 0.68303,
        "nauc_map_at_1000_max": 0.444057,
        "nauc_map_at_1000_std": -0.098101,
        "nauc_map_at_1000_diff1": 0.68314,
        "nauc_recall_at_1_max": 0.450877,
        "nauc_recall_at_1_std": -0.097984,
        "nauc_recall_at_1_diff1": 0.727381,
        "nauc_recall_at_3_max": 0.436648,
        "nauc_recall_at_3_std": -0.106877,
        "nauc_recall_at_3_diff1": 0.631653,
        "nauc_recall_at_5_max": 0.431273,
        "nauc_recall_at_5_std": -0.095274,
        "nauc_recall_at_5_diff1": 0.599429,
        "nauc_recall_at_10_max": 0.422153,
        "nauc_recall_at_10_std": -0.080605,
        "nauc_recall_at_10_diff1": 0.567735,
        "nauc_recall_at_20_max": 0.445684,
        "nauc_recall_at_20_std": -0.039607,
        "nauc_recall_at_20_diff1": 0.567328,
        "nauc_recall_at_100_max": 0.443894,
        "nauc_recall_at_100_std": 0.019618,
        "nauc_recall_at_100_diff1": 0.559388,
        "nauc_recall_at_1000_max": 0.439003,
        "nauc_recall_at_1000_std": 0.151801,
        "nauc_recall_at_1000_diff1": 0.491916,
        "nauc_precision_at_1_max": 0.450877,
        "nauc_precision_at_1_std": -0.097984,
        "nauc_precision_at_1_diff1": 0.727381,
        "nauc_precision_at_3_max": 0.436648,
        "nauc_precision_at_3_std": -0.106877,
        "nauc_precision_at_3_diff1": 0.631653,
        "nauc_precision_at_5_max": 0.431273,
        "nauc_precision_at_5_std": -0.095274,
        "nauc_precision_at_5_diff1": 0.599429,
        "nauc_precision_at_10_max": 0.422153,
        "nauc_precision_at_10_std": -0.080605,
        "nauc_precision_at_10_diff1": 0.567735,
        "nauc_precision_at_20_max": 0.445684,
        "nauc_precision_at_20_std": -0.039607,
        "nauc_precision_at_20_diff1": 0.567328,
        "nauc_precision_at_100_max": 0.443894,
        "nauc_precision_at_100_std": 0.019618,
        "nauc_precision_at_100_diff1": 0.559388,
        "nauc_precision_at_1000_max": 0.439003,
        "nauc_precision_at_1000_std": 0.151801,
        "nauc_precision_at_1000_diff1": 0.491916,
        "nauc_mrr_at_1_max": 0.450877,
        "nauc_mrr_at_1_std": -0.097984,
        "nauc_mrr_at_1_diff1": 0.727381,
        "nauc_mrr_at_3_max": 0.444488,
        "nauc_mrr_at_3_std": -0.102677,
        "nauc_mrr_at_3_diff1": 0.686795,
        "nauc_mrr_at_5_max": 0.443546,
        "nauc_mrr_at_5_std": -0.100776,
        "nauc_mrr_at_5_diff1": 0.682312,
        "nauc_mrr_at_10_max": 0.442904,
        "nauc_mrr_at_10_std": -0.099789,
        "nauc_mrr_at_10_diff1": 0.681357,
        "nauc_mrr_at_20_max": 0.444071,
        "nauc_mrr_at_20_std": -0.098326,
        "nauc_mrr_at_20_diff1": 0.682431,
        "nauc_mrr_at_100_max": 0.444033,
        "nauc_mrr_at_100_std": -0.098061,
        "nauc_mrr_at_100_diff1": 0.68303,
        "nauc_mrr_at_1000_max": 0.444057,
        "nauc_mrr_at_1000_std": -0.098101,
        "nauc_mrr_at_1000_diff1": 0.68314,
        "hit_rate_at_1": 0.53642,
        "hit_rate_at_3": 0.67335,
        "hit_rate_at_5": 0.72999,
        "hit_rate_at_10": 0.79251,
        "hit_rate_at_20": 0.83991,
        "hit_rate_at_100": 0.9226,
        "hit_rate_at_1000": 0.9868,
        "main_score": 0.66094,
        "hf_subset": "default",
        "languages": [
          "eng-Latn"
        ]
      }
    ]
  },
  "evaluation_time": 874.6280038356781,
  "kg_co2_emissions": null,
  "date": null
}