{
  "dataset_revision": "local",
  "task_name": "ChempileRetrievalB2",
  "mteb_version": "2.10.14",
  "scores": {
    "test": [
      {
        "ndcg_at_1": 0.59033,
        "ndcg_at_3": 0.66694,
        "ndcg_at_5": 0.68853,
        "ndcg_at_10": 0.70632,
        "ndcg_at_20": 0.7175,
        "ndcg_at_100": 0.73116,
        "ndcg_at_1000": 0.73749,
        "map_at_1": 0.59033,
        "map_at_3": 0.64832,
        "map_at_5": 0.66029,
        "map_at_10": 0.6677,
        "map_at_20": 0.67073,
        "map_at_100": 0.67267,
        "map_at_1000": 0.67293,
        "recall_at_1": 0.59033,
        "recall_at_3": 0.72076,
        "recall_at_5": 0.7732,
        "recall_at_10": 0.82784,
        "recall_at_20": 0.87232,
        "recall_at_100": 0.94536,
        "recall_at_1000": 0.99396,
        "accuracy": 0.59033,
        "precision_at_1": 0.59033,
        "precision_at_3": 0.24025,
        "precision_at_5": 0.15464,
        "precision_at_10": 0.08278,
        "precision_at_20": 0.04362,
        "precision_at_100": 0.00945,
        "precision_at_1000": 0.00099,
        "mrr_at_1": 0.590335,
        "mrr_at_3": 0.648316,
        "mrr_at_5": 0.660287,
        "mrr_at_10": 0.667702,
        "mrr_at_20": 0.670732,
        "mrr_at_100": 0.672668,
        "mrr_at_1000": 0.672929,
        "nauc_ndcg_at_1_max": 0.502043,
        "nauc_ndcg_at_1_std": -0.102425,
        "nauc_ndcg_at_1_diff1": 0.738592,
        "nauc_ndcg_at_3_max": 0.498187,
        "nauc_ndcg_at_3_std": -0.116958,
        "nauc_ndcg_at_3_diff1": 0.696902,
        "nauc_ndcg_at_5_max": 0.497479,
        "nauc_ndcg_at_5_std": -0.120817,
        "nauc_ndcg_at_5_diff1": 0.69217,
        "nauc_ndcg_at_10_max": 0.498697,
        "nauc_ndcg_at_10_std": -0.115255,
        "nauc_ndcg_at_10_diff1": 0.691455,
        "nauc_ndcg_at_20_max": 0.501861,
        "nauc_ndcg_at_20_std": -0.109865,
        "nauc_ndcg_at_20_diff1": 0.694786,
        "nauc_ndcg_at_100_max": 0.499583,
        "nauc_ndcg_at_100_std": -0.112913,
        "nauc_ndcg_at_100_diff1": 0.697884,
        "nauc_ndcg_at_1000_max": 0.499371,
        "nauc_ndcg_at_1000_std": -0.112496,
        "nauc_ndcg_at_1000_diff1": 0.699847,
        "nauc_map_at_1_max": 0.502043,
        "nauc_map_at_1_std": -0.102425,
        "nauc_map_at_1_diff1": 0.738592,
        "nauc_map_at_3_max": 0.498729,
        "nauc_map_at_3_std": -0.114171,
        "nauc_map_at_3_diff1": 0.707321,
        "nauc_map_at_5_max": 0.498463,
        "nauc_map_at_5_std": -0.116197,
        "nauc_map_at_5_diff1": 0.7053,
        "nauc_map_at_10_max": 0.498853,
        "nauc_map_at_10_std": -0.113829,
        "nauc_map_at_10_diff1": 0.705251,
        "nauc_map_at_20_max": 0.499542,
        "nauc_map_at_20_std": -0.112693,
        "nauc_map_at_20_diff1": 0.706211,
        "nauc_map_at_100_max": 0.499271,
        "nauc_map_at_100_std": -0.112829,
        "nauc_map_at_100_diff1": 0.70655,
        "nauc_map_at_1000_max": 0.499275,
        "nauc_map_at_1000_std": -0.112809,
        "nauc_map_at_1000_diff1": 0.706632,
        "nauc_recall_at_1_max": 0.502043,
        "nauc_recall_at_1_std": -0.102425,
        "nauc_recall_at_1_diff1": 0.738592,
        "nauc_recall_at_3_max": 0.496598,
        "nauc_recall_at_3_std": -0.125831,
        "nauc_recall_at_3_diff1": 0.662092,
        "nauc_recall_at_5_max": 0.49367,
        "nauc_recall_at_5_std": -0.138643,
        "nauc_recall_at_5_diff1": 0.64062,
        "nauc_recall_at_10_max": 0.499106,
        "nauc_recall_at_10_std": -0.119106,
        "nauc_recall_at_10_diff1": 0.624048,
        "nauc_recall_at_20_max": 0.524311,
        "nauc_recall_at_20_std": -0.076763,
        "nauc_recall_at_20_diff1": 0.627684,
        "nauc_recall_at_100_max": 0.503282,
        "nauc_recall_at_100_std": -0.115876,
        "nauc_recall_at_100_diff1": 0.616731,
        "nauc_recall_at_1000_max": 0.453873,
        "nauc_recall_at_1000_std": -0.041533,
        "nauc_recall_at_1000_diff1": 0.491549,
        "nauc_precision_at_1_max": 0.502043,
        "nauc_precision_at_1_std": -0.102425,
        "nauc_precision_at_1_diff1": 0.738592,
        "nauc_precision_at_3_max": 0.496598,
        "nauc_precision_at_3_std": -0.125831,
        "nauc_precision_at_3_diff1": 0.662092,
        "nauc_precision_at_5_max": 0.49367,
        "nauc_precision_at_5_std": -0.138643,
        "nauc_precision_at_5_diff1": 0.64062,
        "nauc_precision_at_10_max": 0.499106,
        "nauc_precision_at_10_std": -0.119106,
        "nauc_precision_at_10_diff1": 0.624048,
        "nauc_precision_at_20_max": 0.524311,
        "nauc_precision_at_20_std": -0.076763,
        "nauc_precision_at_20_diff1": 0.627684,
        "nauc_precision_at_100_max": 0.503282,
        "nauc_precision_at_100_std": -0.115876,
        "nauc_precision_at_100_diff1": 0.616731,
        "nauc_precision_at_1000_max": 0.453873,
        "nauc_precision_at_1000_std": -0.041533,
        "nauc_precision_at_1000_diff1": 0.491549,
        "nauc_mrr_at_1_max": 0.502043,
        "nauc_mrr_at_1_std": -0.102425,
        "nauc_mrr_at_1_diff1": 0.738592,
        "nauc_mrr_at_3_max": 0.498729,
        "nauc_mrr_at_3_std": -0.114171,
        "nauc_mrr_at_3_diff1": 0.707321,
        "nauc_mrr_at_5_max": 0.498463,
        "nauc_mrr_at_5_std": -0.116197,
        "nauc_mrr_at_5_diff1": 0.7053,
        "nauc_mrr_at_10_max": 0.498853,
        "nauc_mrr_at_10_std": -0.113829,
        "nauc_mrr_at_10_diff1": 0.705251,
        "nauc_mrr_at_20_max": 0.499542,
        "nauc_mrr_at_20_std": -0.112693,
        "nauc_mrr_at_20_diff1": 0.706211,
        "nauc_mrr_at_100_max": 0.499271,
        "nauc_mrr_at_100_std": -0.112829,
        "nauc_mrr_at_100_diff1": 0.70655,
        "nauc_mrr_at_1000_max": 0.499275,
        "nauc_mrr_at_1000_std": -0.112809,
        "nauc_mrr_at_1000_diff1": 0.706632,
        "hit_rate_at_1": 0.59033,
        "hit_rate_at_3": 0.72076,
        "hit_rate_at_5": 0.7732,
        "hit_rate_at_10": 0.82784,
        "hit_rate_at_20": 0.87232,
        "hit_rate_at_100": 0.94536,
        "hit_rate_at_1000": 0.99396,
        "main_score": 0.70632,
        "hf_subset": "default",
        "languages": [
          "eng-Latn"
        ]
      }
    ]
  },
  "evaluation_time": 336.32170701026917,
  "kg_co2_emissions": null,
  "date": null
}