{
  "dataset_revision": "local",
  "task_name": "ChempileRetrievalB1",
  "mteb_version": "2.10.14",
  "scores": {
    "test": [
      {
        "ndcg_at_1": 0.43438,
        "ndcg_at_3": 0.51021,
        "ndcg_at_5": 0.53355,
        "ndcg_at_10": 0.55533,
        "ndcg_at_20": 0.57376,
        "ndcg_at_100": 0.59601,
        "ndcg_at_1000": 0.6079,
        "map_at_1": 0.43438,
        "map_at_3": 0.49163,
        "map_at_5": 0.5046,
        "map_at_10": 0.51355,
        "map_at_20": 0.51866,
        "map_at_100": 0.52183,
        "map_at_1000": 0.52224,
        "recall_at_1": 0.43438,
        "recall_at_3": 0.56398,
        "recall_at_5": 0.62054,
        "recall_at_10": 0.68808,
        "recall_at_20": 0.76057,
        "recall_at_100": 0.87919,
        "recall_at_1000": 0.97529,
        "accuracy": 0.43438,
        "precision_at_1": 0.43438,
        "precision_at_3": 0.18799,
        "precision_at_5": 0.12411,
        "precision_at_10": 0.06881,
        "precision_at_20": 0.03803,
        "precision_at_100": 0.00879,
        "precision_at_1000": 0.00098,
        "mrr_at_1": 0.434377,
        "mrr_at_3": 0.491625,
        "mrr_at_5": 0.504599,
        "mrr_at_10": 0.513553,
        "mrr_at_20": 0.518663,
        "mrr_at_100": 0.521832,
        "mrr_at_1000": 0.52224,
        "nauc_ndcg_at_1_max": 0.461299,
        "nauc_ndcg_at_1_std": -0.130182,
        "nauc_ndcg_at_1_diff1": 0.659475,
        "nauc_ndcg_at_3_max": 0.457589,
        "nauc_ndcg_at_3_std": -0.127028,
        "nauc_ndcg_at_3_diff1": 0.601715,
        "nauc_ndcg_at_5_max": 0.456853,
        "nauc_ndcg_at_5_std": -0.116306,
        "nauc_ndcg_at_5_diff1": 0.592004,
        "nauc_ndcg_at_10_max": 0.451426,
        "nauc_ndcg_at_10_std": -0.113943,
        "nauc_ndcg_at_10_diff1": 0.587219,
        "nauc_ndcg_at_20_max": 0.452529,
        "nauc_ndcg_at_20_std": -0.109363,
        "nauc_ndcg_at_20_diff1": 0.588618,
        "nauc_ndcg_at_100_max": 0.455288,
        "nauc_ndcg_at_100_std": -0.102734,
        "nauc_ndcg_at_100_diff1": 0.590613,
        "nauc_ndcg_at_1000_max": 0.455482,
        "nauc_ndcg_at_1000_std": -0.108316,
        "nauc_ndcg_at_1000_diff1": 0.596667,
        "nauc_map_at_1_max": 0.461299,
        "nauc_map_at_1_std": -0.130182,
        "nauc_map_at_1_diff1": 0.659475,
        "nauc_map_at_3_max": 0.457985,
        "nauc_map_at_3_std": -0.128084,
        "nauc_map_at_3_diff1": 0.615265,
        "nauc_map_at_5_max": 0.457531,
        "nauc_map_at_5_std": -0.122274,
        "nauc_map_at_5_diff1": 0.610112,
        "nauc_map_at_10_max": 0.455238,
        "nauc_map_at_10_std": -0.121751,
        "nauc_map_at_10_diff1": 0.608509,
        "nauc_map_at_20_max": 0.455556,
        "nauc_map_at_20_std": -0.120715,
        "nauc_map_at_20_diff1": 0.60911,
        "nauc_map_at_100_max": 0.455913,
        "nauc_map_at_100_std": -0.119846,
        "nauc_map_at_100_diff1": 0.609428,
        "nauc_map_at_1000_max": 0.455922,
        "nauc_map_at_1000_std": -0.119994,
        "nauc_map_at_1000_diff1": 0.609598,
        "nauc_recall_at_1_max": 0.461299,
        "nauc_recall_at_1_std": -0.130182,
        "nauc_recall_at_1_diff1": 0.659475,
        "nauc_recall_at_3_max": 0.456615,
        "nauc_recall_at_3_std": -0.123697,
        "nauc_recall_at_3_diff1": 0.560831,
        "nauc_recall_at_5_max": 0.454875,
        "nauc_recall_at_5_std": -0.095167,
        "nauc_recall_at_5_diff1": 0.53239,
        "nauc_recall_at_10_max": 0.435571,
        "nauc_recall_at_10_std": -0.081303,
        "nauc_recall_at_10_diff1": 0.506158,
        "nauc_recall_at_20_max": 0.43813,
        "nauc_recall_at_20_std": -0.047386,
        "nauc_recall_at_20_diff1": 0.494835,
        "nauc_recall_at_100_max": 0.461835,
        "nauc_recall_at_100_std": 0.084001,
        "nauc_recall_at_100_diff1": 0.446919,
        "nauc_recall_at_1000_max": 0.495816,
        "nauc_recall_at_1000_std": 0.253223,
        "nauc_recall_at_1000_diff1": 0.466223,
        "nauc_precision_at_1_max": 0.461299,
        "nauc_precision_at_1_std": -0.130182,
        "nauc_precision_at_1_diff1": 0.659475,
        "nauc_precision_at_3_max": 0.456615,
        "nauc_precision_at_3_std": -0.123697,
        "nauc_precision_at_3_diff1": 0.560831,
        "nauc_precision_at_5_max": 0.454875,
        "nauc_precision_at_5_std": -0.095167,
        "nauc_precision_at_5_diff1": 0.53239,
        "nauc_precision_at_10_max": 0.435571,
        "nauc_precision_at_10_std": -0.081303,
        "nauc_precision_at_10_diff1": 0.506158,
        "nauc_precision_at_20_max": 0.43813,
        "nauc_precision_at_20_std": -0.047386,
        "nauc_precision_at_20_diff1": 0.494835,
        "nauc_precision_at_100_max": 0.461835,
        "nauc_precision_at_100_std": 0.084001,
        "nauc_precision_at_100_diff1": 0.446919,
        "nauc_precision_at_1000_max": 0.495816,
        "nauc_precision_at_1000_std": 0.253223,
        "nauc_precision_at_1000_diff1": 0.466223,
        "nauc_mrr_at_1_max": 0.461299,
        "nauc_mrr_at_1_std": -0.130182,
        "nauc_mrr_at_1_diff1": 0.659475,
        "nauc_mrr_at_3_max": 0.457985,
        "nauc_mrr_at_3_std": -0.128084,
        "nauc_mrr_at_3_diff1": 0.615265,
        "nauc_mrr_at_5_max": 0.457531,
        "nauc_mrr_at_5_std": -0.122274,
        "nauc_mrr_at_5_diff1": 0.610112,
        "nauc_mrr_at_10_max": 0.455238,
        "nauc_mrr_at_10_std": -0.121751,
        "nauc_mrr_at_10_diff1": 0.608509,
        "nauc_mrr_at_20_max": 0.455556,
        "nauc_mrr_at_20_std": -0.120715,
        "nauc_mrr_at_20_diff1": 0.60911,
        "nauc_mrr_at_100_max": 0.455913,
        "nauc_mrr_at_100_std": -0.119846,
        "nauc_mrr_at_100_diff1": 0.609428,
        "nauc_mrr_at_1000_max": 0.455922,
        "nauc_mrr_at_1000_std": -0.119994,
        "nauc_mrr_at_1000_diff1": 0.609598,
        "hit_rate_at_1": 0.43438,
        "hit_rate_at_3": 0.56398,
        "hit_rate_at_5": 0.62054,
        "hit_rate_at_10": 0.68808,
        "hit_rate_at_20": 0.76057,
        "hit_rate_at_100": 0.87919,
        "hit_rate_at_1000": 0.97529,
        "main_score": 0.55533,
        "hf_subset": "default",
        "languages": [
          "eng-Latn"
        ]
      }
    ]
  },
  "evaluation_time": 223.42929482460022,
  "kg_co2_emissions": null,
  "date": null
}