{
  "dataset_revision": "local",
  "task_name": "ChempileRetrievalA2",
  "mteb_version": "2.10.14",
  "scores": {
    "test": [
      {
        "ndcg_at_1": 0.59309,
        "ndcg_at_3": 0.66875,
        "ndcg_at_5": 0.68909,
        "ndcg_at_10": 0.70605,
        "ndcg_at_20": 0.71746,
        "ndcg_at_100": 0.73157,
        "ndcg_at_1000": 0.73812,
        "map_at_1": 0.59309,
        "map_at_3": 0.65029,
        "map_at_5": 0.66159,
        "map_at_10": 0.66865,
        "map_at_20": 0.67177,
        "map_at_100": 0.67375,
        "map_at_1000": 0.67402,
        "recall_at_1": 0.59309,
        "recall_at_3": 0.72214,
        "recall_at_5": 0.77143,
        "recall_at_10": 0.82355,
        "recall_at_20": 0.86876,
        "recall_at_100": 0.94443,
        "recall_at_1000": 0.99498,
        "accuracy": 0.59309,
        "precision_at_1": 0.59309,
        "precision_at_3": 0.24071,
        "precision_at_5": 0.15429,
        "precision_at_10": 0.08235,
        "precision_at_20": 0.04344,
        "precision_at_100": 0.00944,
        "precision_at_1000": 0.00099,
        "mrr_at_1": 0.593093,
        "mrr_at_3": 0.650288,
        "mrr_at_5": 0.661591,
        "mrr_at_10": 0.668647,
        "mrr_at_20": 0.671769,
        "mrr_at_100": 0.673752,
        "mrr_at_1000": 0.674017,
        "nauc_ndcg_at_1_max": 0.496676,
        "nauc_ndcg_at_1_std": -0.11693,
        "nauc_ndcg_at_1_diff1": 0.741209,
        "nauc_ndcg_at_3_max": 0.496049,
        "nauc_ndcg_at_3_std": -0.12949,
        "nauc_ndcg_at_3_diff1": 0.700478,
        "nauc_ndcg_at_5_max": 0.498202,
        "nauc_ndcg_at_5_std": -0.129536,
        "nauc_ndcg_at_5_diff1": 0.695419,
        "nauc_ndcg_at_10_max": 0.501296,
        "nauc_ndcg_at_10_std": -0.120675,
        "nauc_ndcg_at_10_diff1": 0.695246,
        "nauc_ndcg_at_20_max": 0.50434,
        "nauc_ndcg_at_20_std": -0.11805,
        "nauc_ndcg_at_20_diff1": 0.697022,
        "nauc_ndcg_at_100_max": 0.501107,
        "nauc_ndcg_at_100_std": -0.121386,
        "nauc_ndcg_at_100_diff1": 0.700546,
        "nauc_ndcg_at_1000_max": 0.500095,
        "nauc_ndcg_at_1000_std": -0.121657,
        "nauc_ndcg_at_1000_diff1": 0.70288,
        "nauc_map_at_1_max": 0.496676,
        "nauc_map_at_1_std": -0.11693,
        "nauc_map_at_1_diff1": 0.741209,
        "nauc_map_at_3_max": 0.495976,
        "nauc_map_at_3_std": -0.126817,
        "nauc_map_at_3_diff1": 0.710558,
        "nauc_map_at_5_max": 0.497086,
        "nauc_map_at_5_std": -0.12707,
        "nauc_map_at_5_diff1": 0.708343,
        "nauc_map_at_10_max": 0.498132,
        "nauc_map_at_10_std": -0.123549,
        "nauc_map_at_10_diff1": 0.70841,
        "nauc_map_at_20_max": 0.49875,
        "nauc_map_at_20_std": -0.123174,
        "nauc_map_at_20_diff1": 0.708994,
        "nauc_map_at_100_max": 0.49836,
        "nauc_map_at_100_std": -0.123369,
        "nauc_map_at_100_diff1": 0.709398,
        "nauc_map_at_1000_max": 0.498343,
        "nauc_map_at_1000_std": -0.12338,
        "nauc_map_at_1000_diff1": 0.709493,
        "nauc_recall_at_1_max": 0.496676,
        "nauc_recall_at_1_std": -0.11693,
        "nauc_recall_at_1_diff1": 0.741209,
        "nauc_recall_at_3_max": 0.496411,
        "nauc_recall_at_3_std": -0.138188,
        "nauc_recall_at_3_diff1": 0.666822,
        "nauc_recall_at_5_max": 0.503053,
        "nauc_recall_at_5_std": -0.138114,
        "nauc_recall_at_5_diff1": 0.645035,
        "nauc_recall_at_10_max": 0.519223,
        "nauc_recall_at_10_std": -0.100971,
        "nauc_recall_at_10_diff1": 0.632903,
        "nauc_recall_at_20_max": 0.548514,
        "nauc_recall_at_20_std": -0.071818,
        "nauc_recall_at_20_diff1": 0.62633,
        "nauc_recall_at_100_max": 0.535194,
        "nauc_recall_at_100_std": -0.096599,
        "nauc_recall_at_100_diff1": 0.616768,
        "nauc_recall_at_1000_max": 0.48978,
        "nauc_recall_at_1000_std": 0.048506,
        "nauc_recall_at_1000_diff1": 0.53441,
        "nauc_precision_at_1_max": 0.496676,
        "nauc_precision_at_1_std": -0.11693,
        "nauc_precision_at_1_diff1": 0.741209,
        "nauc_precision_at_3_max": 0.496411,
        "nauc_precision_at_3_std": -0.138188,
        "nauc_precision_at_3_diff1": 0.666822,
        "nauc_precision_at_5_max": 0.503053,
        "nauc_precision_at_5_std": -0.138114,
        "nauc_precision_at_5_diff1": 0.645035,
        "nauc_precision_at_10_max": 0.519223,
        "nauc_precision_at_10_std": -0.100971,
        "nauc_precision_at_10_diff1": 0.632903,
        "nauc_precision_at_20_max": 0.548514,
        "nauc_precision_at_20_std": -0.071818,
        "nauc_precision_at_20_diff1": 0.62633,
        "nauc_precision_at_100_max": 0.535194,
        "nauc_precision_at_100_std": -0.096599,
        "nauc_precision_at_100_diff1": 0.616768,
        "nauc_precision_at_1000_max": 0.48978,
        "nauc_precision_at_1000_std": 0.048506,
        "nauc_precision_at_1000_diff1": 0.53441,
        "nauc_mrr_at_1_max": 0.496676,
        "nauc_mrr_at_1_std": -0.11693,
        "nauc_mrr_at_1_diff1": 0.741209,
        "nauc_mrr_at_3_max": 0.495976,
        "nauc_mrr_at_3_std": -0.126817,
        "nauc_mrr_at_3_diff1": 0.710558,
        "nauc_mrr_at_5_max": 0.497086,
        "nauc_mrr_at_5_std": -0.12707,
        "nauc_mrr_at_5_diff1": 0.708343,
        "nauc_mrr_at_10_max": 0.498132,
        "nauc_mrr_at_10_std": -0.123549,
        "nauc_mrr_at_10_diff1": 0.70841,
        "nauc_mrr_at_20_max": 0.49875,
        "nauc_mrr_at_20_std": -0.123174,
        "nauc_mrr_at_20_diff1": 0.708994,
        "nauc_mrr_at_100_max": 0.49836,
        "nauc_mrr_at_100_std": -0.123369,
        "nauc_mrr_at_100_diff1": 0.709398,
        "nauc_mrr_at_1000_max": 0.498343,
        "nauc_mrr_at_1000_std": -0.12338,
        "nauc_mrr_at_1000_diff1": 0.709493,
        "hit_rate_at_1": 0.59309,
        "hit_rate_at_3": 0.72214,
        "hit_rate_at_5": 0.77143,
        "hit_rate_at_10": 0.82355,
        "hit_rate_at_20": 0.86876,
        "hit_rate_at_100": 0.94443,
        "hit_rate_at_1000": 0.99498,
        "main_score": 0.70605,
        "hf_subset": "default",
        "languages": [
          "eng-Latn"
        ]
      }
    ]
  },
  "evaluation_time": 284.1639471054077,
  "kg_co2_emissions": null,
  "date": null
}