{
  "dataset_revision": "local",
  "task_name": "ChempileRetrievalC1",
  "mteb_version": "2.10.14",
  "scores": {
    "test": [
      {
        "ndcg_at_1": 0.37429,
        "ndcg_at_3": 0.44735,
        "ndcg_at_5": 0.47058,
        "ndcg_at_10": 0.49242,
        "ndcg_at_20": 0.5096,
        "ndcg_at_100": 0.53367,
        "ndcg_at_1000": 0.54889,
        "map_at_1": 0.37429,
        "map_at_3": 0.42946,
        "map_at_5": 0.44238,
        "map_at_10": 0.45143,
        "map_at_20": 0.45618,
        "map_at_100": 0.45951,
        "map_at_1000": 0.46004,
        "recall_at_1": 0.37429,
        "recall_at_3": 0.4991,
        "recall_at_5": 0.55538,
        "recall_at_10": 0.6227,
        "recall_at_20": 0.69039,
        "recall_at_100": 0.82011,
        "recall_at_1000": 0.94252,
        "accuracy": 0.37429,
        "precision_at_1": 0.37429,
        "precision_at_3": 0.16637,
        "precision_at_5": 0.11108,
        "precision_at_10": 0.06227,
        "precision_at_20": 0.03452,
        "precision_at_100": 0.0082,
        "precision_at_1000": 0.00094,
        "mrr_at_1": 0.374295,
        "mrr_at_3": 0.429457,
        "mrr_at_5": 0.442376,
        "mrr_at_10": 0.451432,
        "mrr_at_20": 0.456183,
        "mrr_at_100": 0.459508,
        "mrr_at_1000": 0.460037,
        "nauc_ndcg_at_1_max": 0.407082,
        "nauc_ndcg_at_1_std": -0.11225,
        "nauc_ndcg_at_1_diff1": 0.633806,
        "nauc_ndcg_at_3_max": 0.393522,
        "nauc_ndcg_at_3_std": -0.100175,
        "nauc_ndcg_at_3_diff1": 0.566911,
        "nauc_ndcg_at_5_max": 0.390045,
        "nauc_ndcg_at_5_std": -0.093196,
        "nauc_ndcg_at_5_diff1": 0.556634,
        "nauc_ndcg_at_10_max": 0.386966,
        "nauc_ndcg_at_10_std": -0.086987,
        "nauc_ndcg_at_10_diff1": 0.548827,
        "nauc_ndcg_at_20_max": 0.390537,
        "nauc_ndcg_at_20_std": -0.079463,
        "nauc_ndcg_at_20_diff1": 0.549351,
        "nauc_ndcg_at_100_max": 0.392324,
        "nauc_ndcg_at_100_std": -0.073572,
        "nauc_ndcg_at_100_diff1": 0.550634,
        "nauc_ndcg_at_1000_max": 0.394516,
        "nauc_ndcg_at_1000_std": -0.077727,
        "nauc_ndcg_at_1000_diff1": 0.558134,
        "nauc_map_at_1_max": 0.407082,
        "nauc_map_at_1_std": -0.11225,
        "nauc_map_at_1_diff1": 0.633806,
        "nauc_map_at_3_max": 0.397157,
        "nauc_map_at_3_std": -0.103385,
        "nauc_map_at_3_diff1": 0.58317,
        "nauc_map_at_5_max": 0.395301,
        "nauc_map_at_5_std": -0.099547,
        "nauc_map_at_5_diff1": 0.577817,
        "nauc_map_at_10_max": 0.394035,
        "nauc_map_at_10_std": -0.097184,
        "nauc_map_at_10_diff1": 0.574843,
        "nauc_map_at_20_max": 0.395106,
        "nauc_map_at_20_std": -0.095244,
        "nauc_map_at_20_diff1": 0.575181,
        "nauc_map_at_100_max": 0.395306,
        "nauc_map_at_100_std": -0.094587,
        "nauc_map_at_100_diff1": 0.575487,
        "nauc_map_at_1000_max": 0.39538,
        "nauc_map_at_1000_std": -0.094693,
        "nauc_map_at_1000_diff1": 0.575737,
        "nauc_recall_at_1_max": 0.407082,
        "nauc_recall_at_1_std": -0.11225,
        "nauc_recall_at_1_diff1": 0.633806,
        "nauc_recall_at_3_max": 0.382747,
        "nauc_recall_at_3_std": -0.09067,
        "nauc_recall_at_3_diff1": 0.519356,
        "nauc_recall_at_5_max": 0.373274,
        "nauc_recall_at_5_std": -0.072639,
        "nauc_recall_at_5_diff1": 0.490126,
        "nauc_recall_at_10_max": 0.361599,
        "nauc_recall_at_10_std": -0.048971,
        "nauc_recall_at_10_diff1": 0.457397,
        "nauc_recall_at_20_max": 0.374629,
        "nauc_recall_at_20_std": -0.00729,
        "nauc_recall_at_20_diff1": 0.446979,
        "nauc_recall_at_100_max": 0.384823,
        "nauc_recall_at_100_std": 0.090072,
        "nauc_recall_at_100_diff1": 0.40336,
        "nauc_recall_at_1000_max": 0.459554,
        "nauc_recall_at_1000_std": 0.219925,
        "nauc_recall_at_1000_diff1": 0.432141,
        "nauc_precision_at_1_max": 0.407082,
        "nauc_precision_at_1_std": -0.11225,
        "nauc_precision_at_1_diff1": 0.633806,
        "nauc_precision_at_3_max": 0.382747,
        "nauc_precision_at_3_std": -0.09067,
        "nauc_precision_at_3_diff1": 0.519356,
        "nauc_precision_at_5_max": 0.373274,
        "nauc_precision_at_5_std": -0.072639,
        "nauc_precision_at_5_diff1": 0.490126,
        "nauc_precision_at_10_max": 0.361599,
        "nauc_precision_at_10_std": -0.048971,
        "nauc_precision_at_10_diff1": 0.457397,
        "nauc_precision_at_20_max": 0.374629,
        "nauc_precision_at_20_std": -0.00729,
        "nauc_precision_at_20_diff1": 0.446979,
        "nauc_precision_at_100_max": 0.384823,
        "nauc_precision_at_100_std": 0.090072,
        "nauc_precision_at_100_diff1": 0.40336,
        "nauc_precision_at_1000_max": 0.459554,
        "nauc_precision_at_1000_std": 0.219925,
        "nauc_precision_at_1000_diff1": 0.432141,
        "nauc_mrr_at_1_max": 0.407082,
        "nauc_mrr_at_1_std": -0.11225,
        "nauc_mrr_at_1_diff1": 0.633806,
        "nauc_mrr_at_3_max": 0.397157,
        "nauc_mrr_at_3_std": -0.103385,
        "nauc_mrr_at_3_diff1": 0.58317,
        "nauc_mrr_at_5_max": 0.395301,
        "nauc_mrr_at_5_std": -0.099547,
        "nauc_mrr_at_5_diff1": 0.577817,
        "nauc_mrr_at_10_max": 0.394035,
        "nauc_mrr_at_10_std": -0.097184,
        "nauc_mrr_at_10_diff1": 0.574843,
        "nauc_mrr_at_20_max": 0.395106,
        "nauc_mrr_at_20_std": -0.095244,
        "nauc_mrr_at_20_diff1": 0.575181,
        "nauc_mrr_at_100_max": 0.395306,
        "nauc_mrr_at_100_std": -0.094587,
        "nauc_mrr_at_100_diff1": 0.575487,
        "nauc_mrr_at_1000_max": 0.39538,
        "nauc_mrr_at_1000_std": -0.094693,
        "nauc_mrr_at_1000_diff1": 0.575737,
        "hit_rate_at_1": 0.37429,
        "hit_rate_at_3": 0.4991,
        "hit_rate_at_5": 0.55538,
        "hit_rate_at_10": 0.6227,
        "hit_rate_at_20": 0.69039,
        "hit_rate_at_100": 0.82011,
        "hit_rate_at_1000": 0.94252,
        "main_score": 0.49242,
        "hf_subset": "default",
        "languages": [
          "eng-Latn"
        ]
      }
    ]
  },
  "evaluation_time": 560.1122488975525,
  "kg_co2_emissions": null,
  "date": null
}