{
  "model": "nomic-ai__nomic-embed-text-v1",
  "sizes": {
    "chemrxiv": 10000,
    "chempile": 3185,
    "anchors_general": 2000
  },
  "k": {
    "10": [
      [
        0.96514,
        0.03453,
        0.00033
      ],
      [
        0.17387755102040817,
        0.8243956043956044,
        0.001726844583987441
      ],
      [
        0.0585,
        0.0232,
        0.9183
      ]
    ],
    "50": [
      [
        0.95417,
        0.04554,
        0.00029
      ],
      [
        0.2513343799058085,
        0.7476169544740974,
        0.0010486656200941915
      ],
      [
        0.14528,
        0.04482,
        0.8099
      ]
    ]
  }
}