{
  "dataset_revision": "local",
  "task_name": "ChempileRetrievalB3",
  "mteb_version": "2.10.14",
  "scores": {
    "test": [
      {
        "ndcg_at_1": 0.63344,
        "ndcg_at_3": 0.71282,
        "ndcg_at_5": 0.73259,
        "ndcg_at_10": 0.74822,
        "ndcg_at_20": 0.75762,
        "ndcg_at_100": 0.76997,
        "ndcg_at_1000": 0.77369,
        "map_at_1": 0.63344,
        "map_at_3": 0.69362,
        "map_at_5": 0.70458,
        "map_at_10": 0.71108,
        "map_at_20": 0.71368,
        "map_at_100": 0.71541,
        "map_at_1000": 0.71555,
        "recall_at_1": 0.63344,
        "recall_at_3": 0.76826,
        "recall_at_5": 0.81631,
        "recall_at_10": 0.86436,
        "recall_at_20": 0.90143,
        "recall_at_100": 0.9676,
        "recall_at_1000": 0.99671,
        "accuracy": 0.63344,
        "precision_at_1": 0.63344,
        "precision_at_3": 0.25609,
        "precision_at_5": 0.16326,
        "precision_at_10": 0.08644,
        "precision_at_20": 0.04507,
        "precision_at_100": 0.00968,
        "precision_at_1000": 0.001,
        "mrr_at_1": 0.633443,
        "mrr_at_3": 0.693621,
        "mrr_at_5": 0.704576,
        "mrr_at_10": 0.711081,
        "mrr_at_20": 0.713676,
        "mrr_at_100": 0.715412,
        "mrr_at_1000": 0.715553,
        "nauc_ndcg_at_1_max": 0.481898,
        "nauc_ndcg_at_1_std": -0.14913,
        "nauc_ndcg_at_1_diff1": 0.763294,
        "nauc_ndcg_at_3_max": 0.481364,
        "nauc_ndcg_at_3_std": -0.164753,
        "nauc_ndcg_at_3_diff1": 0.722296,
        "nauc_ndcg_at_5_max": 0.481309,
        "nauc_ndcg_at_5_std": -0.165285,
        "nauc_ndcg_at_5_diff1": 0.717654,
        "nauc_ndcg_at_10_max": 0.484556,
        "nauc_ndcg_at_10_std": -0.162169,
        "nauc_ndcg_at_10_diff1": 0.721525,
        "nauc_ndcg_at_20_max": 0.487173,
        "nauc_ndcg_at_20_std": -0.155919,
        "nauc_ndcg_at_20_diff1": 0.722107,
        "nauc_ndcg_at_100_max": 0.48603,
        "nauc_ndcg_at_100_std": -0.156991,
        "nauc_ndcg_at_100_diff1": 0.726953,
        "nauc_ndcg_at_1000_max": 0.484566,
        "nauc_ndcg_at_1000_std": -0.157455,
        "nauc_ndcg_at_1000_diff1": 0.72799,
        "nauc_map_at_1_max": 0.481898,
        "nauc_map_at_1_std": -0.14913,
        "nauc_map_at_1_diff1": 0.763294,
        "nauc_map_at_3_max": 0.48112,
        "nauc_map_at_3_std": -0.160506,
        "nauc_map_at_3_diff1": 0.732378,
        "nauc_map_at_5_max": 0.481038,
        "nauc_map_at_5_std": -0.160869,
        "nauc_map_at_5_diff1": 0.73034,
        "nauc_map_at_10_max": 0.482399,
        "nauc_map_at_10_std": -0.159592,
        "nauc_map_at_10_diff1": 0.732212,
        "nauc_map_at_20_max": 0.483004,
        "nauc_map_at_20_std": -0.15801,
        "nauc_map_at_20_diff1": 0.732413,
        "nauc_map_at_100_max": 0.482832,
        "nauc_map_at_100_std": -0.158057,
        "nauc_map_at_100_diff1": 0.733027,
        "nauc_map_at_1000_max": 0.482791,
        "nauc_map_at_1000_std": -0.158057,
        "nauc_map_at_1000_diff1": 0.73306,
        "nauc_recall_at_1_max": 0.481898,
        "nauc_recall_at_1_std": -0.14913,
        "nauc_recall_at_1_diff1": 0.763294,
        "nauc_recall_at_3_max": 0.482427,
        "nauc_recall_at_3_std": -0.179796,
        "nauc_recall_at_3_diff1": 0.687141,
        "nauc_recall_at_5_max": 0.482754,
        "nauc_recall_at_5_std": -0.18335,
        "nauc_recall_at_5_diff1": 0.664542,
        "nauc_recall_at_10_max": 0.498111,
        "nauc_recall_at_10_std": -0.17356,
        "nauc_recall_at_10_diff1": 0.665884,
        "nauc_recall_at_20_max": 0.524384,
        "nauc_recall_at_20_std": -0.126395,
        "nauc_recall_at_20_diff1": 0.653167,
        "nauc_recall_at_100_max": 0.564361,
        "nauc_recall_at_100_std": -0.110259,
        "nauc_recall_at_100_diff1": 0.672135,
        "nauc_recall_at_1000_max": 0.574324,
        "nauc_recall_at_1000_std": 0.036316,
        "nauc_recall_at_1000_diff1": 0.682802,
        "nauc_precision_at_1_max": 0.481898,
        "nauc_precision_at_1_std": -0.14913,
        "nauc_precision_at_1_diff1": 0.763294,
        "nauc_precision_at_3_max": 0.482427,
        "nauc_precision_at_3_std": -0.179796,
        "nauc_precision_at_3_diff1": 0.687141,
        "nauc_precision_at_5_max": 0.482754,
        "nauc_precision_at_5_std": -0.18335,
        "nauc_precision_at_5_diff1": 0.664542,
        "nauc_precision_at_10_max": 0.498111,
        "nauc_precision_at_10_std": -0.17356,
        "nauc_precision_at_10_diff1": 0.665884,
        "nauc_precision_at_20_max": 0.524384,
        "nauc_precision_at_20_std": -0.126395,
        "nauc_precision_at_20_diff1": 0.653167,
        "nauc_precision_at_100_max": 0.564361,
        "nauc_precision_at_100_std": -0.110259,
        "nauc_precision_at_100_diff1": 0.672135,
        "nauc_precision_at_1000_max": 0.574324,
        "nauc_precision_at_1000_std": 0.036316,
        "nauc_precision_at_1000_diff1": 0.682802,
        "nauc_mrr_at_1_max": 0.481898,
        "nauc_mrr_at_1_std": -0.14913,
        "nauc_mrr_at_1_diff1": 0.763294,
        "nauc_mrr_at_3_max": 0.48112,
        "nauc_mrr_at_3_std": -0.160506,
        "nauc_mrr_at_3_diff1": 0.732378,
        "nauc_mrr_at_5_max": 0.481038,
        "nauc_mrr_at_5_std": -0.160869,
        "nauc_mrr_at_5_diff1": 0.73034,
        "nauc_mrr_at_10_max": 0.482399,
        "nauc_mrr_at_10_std": -0.159592,
        "nauc_mrr_at_10_diff1": 0.732212,
        "nauc_mrr_at_20_max": 0.483004,
        "nauc_mrr_at_20_std": -0.15801,
        "nauc_mrr_at_20_diff1": 0.732413,
        "nauc_mrr_at_100_max": 0.482832,
        "nauc_mrr_at_100_std": -0.158057,
        "nauc_mrr_at_100_diff1": 0.733027,
        "nauc_mrr_at_1000_max": 0.482791,
        "nauc_mrr_at_1000_std": -0.158057,
        "nauc_mrr_at_1000_diff1": 0.73306,
        "hit_rate_at_1": 0.63344,
        "hit_rate_at_3": 0.76826,
        "hit_rate_at_5": 0.81631,
        "hit_rate_at_10": 0.86436,
        "hit_rate_at_20": 0.90143,
        "hit_rate_at_100": 0.9676,
        "hit_rate_at_1000": 0.99671,
        "main_score": 0.74822,
        "hf_subset": "default",
        "languages": [
          "eng-Latn"
        ]
      }
    ]
  },
  "evaluation_time": 341.96561789512634,
  "kg_co2_emissions": null,
  "date": null
}