{
  "dataset_revision": "local",
  "task_name": "ChempileRetrievalC3",
  "mteb_version": "2.10.14",
  "scores": {
    "test": [
      {
        "ndcg_at_1": 0.58142,
        "ndcg_at_3": 0.66255,
        "ndcg_at_5": 0.68503,
        "ndcg_at_10": 0.70286,
        "ndcg_at_20": 0.71334,
        "ndcg_at_100": 0.72772,
        "ndcg_at_1000": 0.73337,
        "map_at_1": 0.58142,
        "map_at_3": 0.64297,
        "map_at_5": 0.65543,
        "map_at_10": 0.66285,
        "map_at_20": 0.66578,
        "map_at_100": 0.66778,
        "map_at_1000": 0.668,
        "recall_at_1": 0.58142,
        "recall_at_3": 0.71907,
        "recall_at_5": 0.77367,
        "recall_at_10": 0.82851,
        "recall_at_20": 0.86955,
        "recall_at_100": 0.94684,
        "recall_at_1000": 0.99124,
        "accuracy": 0.58142,
        "precision_at_1": 0.58142,
        "precision_at_3": 0.23969,
        "precision_at_5": 0.15473,
        "precision_at_10": 0.08285,
        "precision_at_20": 0.04348,
        "precision_at_100": 0.00947,
        "precision_at_1000": 0.00099,
        "mrr_at_1": 0.581423,
        "mrr_at_3": 0.642966,
        "mrr_at_5": 0.655434,
        "mrr_at_10": 0.662849,
        "mrr_at_20": 0.665783,
        "mrr_at_100": 0.667784,
        "mrr_at_1000": 0.667999,
        "nauc_ndcg_at_1_max": 0.439135,
        "nauc_ndcg_at_1_std": -0.143465,
        "nauc_ndcg_at_1_diff1": 0.744285,
        "nauc_ndcg_at_3_max": 0.43406,
        "nauc_ndcg_at_3_std": -0.14928,
        "nauc_ndcg_at_3_diff1": 0.694615,
        "nauc_ndcg_at_5_max": 0.434506,
        "nauc_ndcg_at_5_std": -0.146131,
        "nauc_ndcg_at_5_diff1": 0.689891,
        "nauc_ndcg_at_10_max": 0.436295,
        "nauc_ndcg_at_10_std": -0.140367,
        "nauc_ndcg_at_10_diff1": 0.688951,
        "nauc_ndcg_at_20_max": 0.437885,
        "nauc_ndcg_at_20_std": -0.136018,
        "nauc_ndcg_at_20_diff1": 0.691042,
        "nauc_ndcg_at_100_max": 0.437408,
        "nauc_ndcg_at_100_std": -0.136383,
        "nauc_ndcg_at_100_diff1": 0.695402,
        "nauc_ndcg_at_1000_max": 0.436814,
        "nauc_ndcg_at_1000_std": -0.139053,
        "nauc_ndcg_at_1000_diff1": 0.698161,
        "nauc_map_at_1_max": 0.439135,
        "nauc_map_at_1_std": -0.143465,
        "nauc_map_at_1_diff1": 0.744285,
        "nauc_map_at_3_max": 0.435513,
        "nauc_map_at_3_std": -0.148016,
        "nauc_map_at_3_diff1": 0.707231,
        "nauc_map_at_5_max": 0.43574,
        "nauc_map_at_5_std": -0.146547,
        "nauc_map_at_5_diff1": 0.705182,
        "nauc_map_at_10_max": 0.436387,
        "nauc_map_at_10_std": -0.14427,
        "nauc_map_at_10_diff1": 0.705075,
        "nauc_map_at_20_max": 0.436744,
        "nauc_map_at_20_std": -0.143347,
        "nauc_map_at_20_diff1": 0.705712,
        "nauc_map_at_100_max": 0.436597,
        "nauc_map_at_100_std": -0.143445,
        "nauc_map_at_100_diff1": 0.706264,
        "nauc_map_at_1000_max": 0.436592,
        "nauc_map_at_1000_std": -0.143518,
        "nauc_map_at_1000_diff1": 0.706369,
        "nauc_recall_at_1_max": 0.439135,
        "nauc_recall_at_1_std": -0.143465,
        "nauc_recall_at_1_diff1": 0.744285,
        "nauc_recall_at_3_max": 0.429098,
        "nauc_recall_at_3_std": -0.153414,
        "nauc_recall_at_3_diff1": 0.652269,
        "nauc_recall_at_5_max": 0.429806,
        "nauc_recall_at_5_std": -0.14337,
        "nauc_recall_at_5_diff1": 0.629667,
        "nauc_recall_at_10_max": 0.437356,
        "nauc_recall_at_10_std": -0.116764,
        "nauc_recall_at_10_diff1": 0.609731,
        "nauc_recall_at_20_max": 0.449921,
        "nauc_recall_at_20_std": -0.076334,
        "nauc_recall_at_20_diff1": 0.603212,
        "nauc_recall_at_100_max": 0.461309,
        "nauc_recall_at_100_std": -0.002218,
        "nauc_recall_at_100_diff1": 0.584738,
        "nauc_recall_at_1000_max": 0.444323,
        "nauc_recall_at_1000_std": 0.123123,
        "nauc_recall_at_1000_diff1": 0.549447,
        "nauc_precision_at_1_max": 0.439135,
        "nauc_precision_at_1_std": -0.143465,
        "nauc_precision_at_1_diff1": 0.744285,
        "nauc_precision_at_3_max": 0.429098,
        "nauc_precision_at_3_std": -0.153414,
        "nauc_precision_at_3_diff1": 0.652269,
        "nauc_precision_at_5_max": 0.429806,
        "nauc_precision_at_5_std": -0.14337,
        "nauc_precision_at_5_diff1": 0.629667,
        "nauc_precision_at_10_max": 0.437356,
        "nauc_precision_at_10_std": -0.116764,
        "nauc_precision_at_10_diff1": 0.609731,
        "nauc_precision_at_20_max": 0.449921,
        "nauc_precision_at_20_std": -0.076334,
        "nauc_precision_at_20_diff1": 0.603212,
        "nauc_precision_at_100_max": 0.461309,
        "nauc_precision_at_100_std": -0.002218,
        "nauc_precision_at_100_diff1": 0.584738,
        "nauc_precision_at_1000_max": 0.444323,
        "nauc_precision_at_1000_std": 0.123123,
        "nauc_precision_at_1000_diff1": 0.549447,
        "nauc_mrr_at_1_max": 0.439135,
        "nauc_mrr_at_1_std": -0.143465,
        "nauc_mrr_at_1_diff1": 0.744285,
        "nauc_mrr_at_3_max": 0.435513,
        "nauc_mrr_at_3_std": -0.148016,
        "nauc_mrr_at_3_diff1": 0.707231,
        "nauc_mrr_at_5_max": 0.43574,
        "nauc_mrr_at_5_std": -0.146547,
        "nauc_mrr_at_5_diff1": 0.705182,
        "nauc_mrr_at_10_max": 0.436387,
        "nauc_mrr_at_10_std": -0.14427,
        "nauc_mrr_at_10_diff1": 0.705075,
        "nauc_mrr_at_20_max": 0.436744,
        "nauc_mrr_at_20_std": -0.143347,
        "nauc_mrr_at_20_diff1": 0.705712,
        "nauc_mrr_at_100_max": 0.436597,
        "nauc_mrr_at_100_std": -0.143445,
        "nauc_mrr_at_100_diff1": 0.706264,
        "nauc_mrr_at_1000_max": 0.436592,
        "nauc_mrr_at_1000_std": -0.143518,
        "nauc_mrr_at_1000_diff1": 0.706369,
        "hit_rate_at_1": 0.58142,
        "hit_rate_at_3": 0.71907,
        "hit_rate_at_5": 0.77367,
        "hit_rate_at_10": 0.82851,
        "hit_rate_at_20": 0.86955,
        "hit_rate_at_100": 0.94684,
        "hit_rate_at_1000": 0.99124,
        "main_score": 0.70286,
        "hf_subset": "default",
        "languages": [
          "eng-Latn"
        ]
      }
    ]
  },
  "evaluation_time": 897.8152339458466,
  "kg_co2_emissions": null,
  "date": null
}