{
  "dataset_revision": "local",
  "task_name": "ChempileRetrievalC1",
  "mteb_version": "2.10.14",
  "scores": {
    "test": [
      {
        "ndcg_at_1": 0.3797,
        "ndcg_at_3": 0.45637,
        "ndcg_at_5": 0.47858,
        "ndcg_at_10": 0.50088,
        "ndcg_at_20": 0.51755,
        "ndcg_at_100": 0.54132,
        "ndcg_at_1000": 0.55594,
        "map_at_1": 0.3797,
        "map_at_3": 0.43768,
        "map_at_5": 0.45005,
        "map_at_10": 0.45931,
        "map_at_20": 0.46388,
        "map_at_100": 0.46715,
        "map_at_1000": 0.46766,
        "recall_at_1": 0.3797,
        "recall_at_3": 0.51038,
        "recall_at_5": 0.56414,
        "recall_at_10": 0.63279,
        "recall_at_20": 0.69879,
        "recall_at_100": 0.82695,
        "recall_at_1000": 0.94432,
        "accuracy": 0.3797,
        "precision_at_1": 0.3797,
        "precision_at_3": 0.17013,
        "precision_at_5": 0.11283,
        "precision_at_10": 0.06328,
        "precision_at_20": 0.03494,
        "precision_at_100": 0.00827,
        "precision_at_1000": 0.00094,
        "mrr_at_1": 0.379695,
        "mrr_at_3": 0.437678,
        "mrr_at_5": 0.45005,
        "mrr_at_10": 0.459306,
        "mrr_at_20": 0.463875,
        "mrr_at_100": 0.467151,
        "mrr_at_1000": 0.467664,
        "nauc_ndcg_at_1_max": 0.403992,
        "nauc_ndcg_at_1_std": -0.12242,
        "nauc_ndcg_at_1_diff1": 0.645031,
        "nauc_ndcg_at_3_max": 0.390716,
        "nauc_ndcg_at_3_std": -0.109092,
        "nauc_ndcg_at_3_diff1": 0.577773,
        "nauc_ndcg_at_5_max": 0.387618,
        "nauc_ndcg_at_5_std": -0.103915,
        "nauc_ndcg_at_5_diff1": 0.56946,
        "nauc_ndcg_at_10_max": 0.385872,
        "nauc_ndcg_at_10_std": -0.096345,
        "nauc_ndcg_at_10_diff1": 0.562062,
        "nauc_ndcg_at_20_max": 0.387698,
        "nauc_ndcg_at_20_std": -0.089684,
        "nauc_ndcg_at_20_diff1": 0.561328,
        "nauc_ndcg_at_100_max": 0.390876,
        "nauc_ndcg_at_100_std": -0.083502,
        "nauc_ndcg_at_100_diff1": 0.5642,
        "nauc_ndcg_at_1000_max": 0.392388,
        "nauc_ndcg_at_1000_std": -0.087609,
        "nauc_ndcg_at_1000_diff1": 0.570915,
        "nauc_map_at_1_max": 0.403992,
        "nauc_map_at_1_std": -0.12242,
        "nauc_map_at_1_diff1": 0.645031,
        "nauc_map_at_3_max": 0.394235,
        "nauc_map_at_3_std": -0.112521,
        "nauc_map_at_3_diff1": 0.593911,
        "nauc_map_at_5_max": 0.392531,
        "nauc_map_at_5_std": -0.109817,
        "nauc_map_at_5_diff1": 0.589569,
        "nauc_map_at_10_max": 0.391825,
        "nauc_map_at_10_std": -0.10687,
        "nauc_map_at_10_diff1": 0.586777,
        "nauc_map_at_20_max": 0.392461,
        "nauc_map_at_20_std": -0.105153,
        "nauc_map_at_20_diff1": 0.586772,
        "nauc_map_at_100_max": 0.392853,
        "nauc_map_at_100_std": -0.104372,
        "nauc_map_at_100_diff1": 0.587205,
        "nauc_map_at_1000_max": 0.392896,
        "nauc_map_at_1000_std": -0.10449,
        "nauc_map_at_1000_diff1": 0.587422,
        "nauc_recall_at_1_max": 0.403992,
        "nauc_recall_at_1_std": -0.12242,
        "nauc_recall_at_1_diff1": 0.645031,
        "nauc_recall_at_3_max": 0.380226,
        "nauc_recall_at_3_std": -0.098908,
        "nauc_recall_at_3_diff1": 0.530319,
        "nauc_recall_at_5_max": 0.371945,
        "nauc_recall_at_5_std": -0.084731,
        "nauc_recall_at_5_diff1": 0.506321,
        "nauc_recall_at_10_max": 0.364649,
        "nauc_recall_at_10_std": -0.056258,
        "nauc_recall_at_10_diff1": 0.474373,
        "nauc_recall_at_20_max": 0.369523,
        "nauc_recall_at_20_std": -0.018264,
        "nauc_recall_at_20_diff1": 0.458345,
        "nauc_recall_at_100_max": 0.392021,
        "nauc_recall_at_100_std": 0.082016,
        "nauc_recall_at_100_diff1": 0.430348,
        "nauc_recall_at_1000_max": 0.460438,
        "nauc_recall_at_1000_std": 0.215164,
        "nauc_recall_at_1000_diff1": 0.463601,
        "nauc_precision_at_1_max": 0.403992,
        "nauc_precision_at_1_std": -0.12242,
        "nauc_precision_at_1_diff1": 0.645031,
        "nauc_precision_at_3_max": 0.380226,
        "nauc_precision_at_3_std": -0.098908,
        "nauc_precision_at_3_diff1": 0.530319,
        "nauc_precision_at_5_max": 0.371945,
        "nauc_precision_at_5_std": -0.084731,
        "nauc_precision_at_5_diff1": 0.506321,
        "nauc_precision_at_10_max": 0.364649,
        "nauc_precision_at_10_std": -0.056258,
        "nauc_precision_at_10_diff1": 0.474373,
        "nauc_precision_at_20_max": 0.369523,
        "nauc_precision_at_20_std": -0.018264,
        "nauc_precision_at_20_diff1": 0.458345,
        "nauc_precision_at_100_max": 0.392021,
        "nauc_precision_at_100_std": 0.082016,
        "nauc_precision_at_100_diff1": 0.430348,
        "nauc_precision_at_1000_max": 0.460438,
        "nauc_precision_at_1000_std": 0.215164,
        "nauc_precision_at_1000_diff1": 0.463601,
        "nauc_mrr_at_1_max": 0.403992,
        "nauc_mrr_at_1_std": -0.12242,
        "nauc_mrr_at_1_diff1": 0.645031,
        "nauc_mrr_at_3_max": 0.394235,
        "nauc_mrr_at_3_std": -0.112521,
        "nauc_mrr_at_3_diff1": 0.593911,
        "nauc_mrr_at_5_max": 0.392531,
        "nauc_mrr_at_5_std": -0.109817,
        "nauc_mrr_at_5_diff1": 0.589569,
        "nauc_mrr_at_10_max": 0.391825,
        "nauc_mrr_at_10_std": -0.10687,
        "nauc_mrr_at_10_diff1": 0.586777,
        "nauc_mrr_at_20_max": 0.392461,
        "nauc_mrr_at_20_std": -0.105153,
        "nauc_mrr_at_20_diff1": 0.586772,
        "nauc_mrr_at_100_max": 0.392853,
        "nauc_mrr_at_100_std": -0.104372,
        "nauc_mrr_at_100_diff1": 0.587205,
        "nauc_mrr_at_1000_max": 0.392896,
        "nauc_mrr_at_1000_std": -0.10449,
        "nauc_mrr_at_1000_diff1": 0.587422,
        "hit_rate_at_1": 0.3797,
        "hit_rate_at_3": 0.51038,
        "hit_rate_at_5": 0.56414,
        "hit_rate_at_10": 0.63279,
        "hit_rate_at_20": 0.69879,
        "hit_rate_at_100": 0.82695,
        "hit_rate_at_1000": 0.94432,
        "main_score": 0.50088,
        "hf_subset": "default",
        "languages": [
          "eng-Latn"
        ]
      }
    ]
  },
  "evaluation_time": 556.5922341346741,
  "kg_co2_emissions": null,
  "date": null
}