{
  "dataset_revision": "local",
  "task_name": "ChempileRetrievalA3",
  "mteb_version": "2.10.14",
  "scores": {
    "test": [
      {
        "ndcg_at_1": 0.62669,
        "ndcg_at_3": 0.70136,
        "ndcg_at_5": 0.72018,
        "ndcg_at_10": 0.73639,
        "ndcg_at_20": 0.74848,
        "ndcg_at_100": 0.76103,
        "ndcg_at_1000": 0.76525,
        "map_at_1": 0.62669,
        "map_at_3": 0.6831,
        "map_at_5": 0.69358,
        "map_at_10": 0.70044,
        "map_at_20": 0.70377,
        "map_at_100": 0.70556,
        "map_at_1000": 0.70571,
        "recall_at_1": 0.62669,
        "recall_at_3": 0.75416,
        "recall_at_5": 0.79969,
        "recall_at_10": 0.84898,
        "recall_at_20": 0.8967,
        "recall_at_100": 0.96358,
        "recall_at_1000": 0.99686,
        "accuracy": 0.62669,
        "precision_at_1": 0.62669,
        "precision_at_3": 0.25139,
        "precision_at_5": 0.15994,
        "precision_at_10": 0.0849,
        "precision_at_20": 0.04484,
        "precision_at_100": 0.00964,
        "precision_at_1000": 0.001,
        "mrr_at_1": 0.626688,
        "mrr_at_3": 0.683098,
        "mrr_at_5": 0.693585,
        "mrr_at_10": 0.700436,
        "mrr_at_20": 0.703769,
        "mrr_at_100": 0.705555,
        "mrr_at_1000": 0.705709,
        "nauc_ndcg_at_1_max": 0.49268,
        "nauc_ndcg_at_1_std": -0.148607,
        "nauc_ndcg_at_1_diff1": 0.773597,
        "nauc_ndcg_at_3_max": 0.489375,
        "nauc_ndcg_at_3_std": -0.174403,
        "nauc_ndcg_at_3_diff1": 0.731398,
        "nauc_ndcg_at_5_max": 0.495863,
        "nauc_ndcg_at_5_std": -0.16098,
        "nauc_ndcg_at_5_diff1": 0.731127,
        "nauc_ndcg_at_10_max": 0.497078,
        "nauc_ndcg_at_10_std": -0.162991,
        "nauc_ndcg_at_10_diff1": 0.731614,
        "nauc_ndcg_at_20_max": 0.498796,
        "nauc_ndcg_at_20_std": -0.156081,
        "nauc_ndcg_at_20_diff1": 0.732127,
        "nauc_ndcg_at_100_max": 0.496966,
        "nauc_ndcg_at_100_std": -0.161212,
        "nauc_ndcg_at_100_diff1": 0.738191,
        "nauc_ndcg_at_1000_max": 0.495609,
        "nauc_ndcg_at_1000_std": -0.159558,
        "nauc_ndcg_at_1000_diff1": 0.738496,
        "nauc_map_at_1_max": 0.49268,
        "nauc_map_at_1_std": -0.148607,
        "nauc_map_at_1_diff1": 0.773597,
        "nauc_map_at_3_max": 0.489533,
        "nauc_map_at_3_std": -0.167967,
        "nauc_map_at_3_diff1": 0.742482,
        "nauc_map_at_5_max": 0.493104,
        "nauc_map_at_5_std": -0.160464,
        "nauc_map_at_5_diff1": 0.742638,
        "nauc_map_at_10_max": 0.493633,
        "nauc_map_at_10_std": -0.161104,
        "nauc_map_at_10_diff1": 0.743128,
        "nauc_map_at_20_max": 0.494008,
        "nauc_map_at_20_std": -0.159507,
        "nauc_map_at_20_diff1": 0.743378,
        "nauc_map_at_100_max": 0.493732,
        "nauc_map_at_100_std": -0.160103,
        "nauc_map_at_100_diff1": 0.744138,
        "nauc_map_at_1000_max": 0.49369,
        "nauc_map_at_1000_std": -0.16006,
        "nauc_map_at_1000_diff1": 0.744161,
        "nauc_recall_at_1_max": 0.49268,
        "nauc_recall_at_1_std": -0.148607,
        "nauc_recall_at_1_diff1": 0.773597,
        "nauc_recall_at_3_max": 0.489196,
        "nauc_recall_at_3_std": -0.196493,
        "nauc_recall_at_3_diff1": 0.693053,
        "nauc_recall_at_5_max": 0.508155,
        "nauc_recall_at_5_std": -0.160706,
        "nauc_recall_at_5_diff1": 0.68564,
        "nauc_recall_at_10_max": 0.516398,
        "nauc_recall_at_10_std": -0.171147,
        "nauc_recall_at_10_diff1": 0.674179,
        "nauc_recall_at_20_max": 0.538382,
        "nauc_recall_at_20_std": -0.115895,
        "nauc_recall_at_20_diff1": 0.655363,
        "nauc_recall_at_100_max": 0.558891,
        "nauc_recall_at_100_std": -0.199326,
        "nauc_recall_at_100_diff1": 0.698756,
        "nauc_recall_at_1000_max": 0.544206,
        "nauc_recall_at_1000_std": 0.228519,
        "nauc_recall_at_1000_diff1": 0.394381,
        "nauc_precision_at_1_max": 0.49268,
        "nauc_precision_at_1_std": -0.148607,
        "nauc_precision_at_1_diff1": 0.773597,
        "nauc_precision_at_3_max": 0.489196,
        "nauc_precision_at_3_std": -0.196493,
        "nauc_precision_at_3_diff1": 0.693053,
        "nauc_precision_at_5_max": 0.508155,
        "nauc_precision_at_5_std": -0.160706,
        "nauc_precision_at_5_diff1": 0.68564,
        "nauc_precision_at_10_max": 0.516398,
        "nauc_precision_at_10_std": -0.171147,
        "nauc_precision_at_10_diff1": 0.674179,
        "nauc_precision_at_20_max": 0.538382,
        "nauc_precision_at_20_std": -0.115895,
        "nauc_precision_at_20_diff1": 0.655363,
        "nauc_precision_at_100_max": 0.558891,
        "nauc_precision_at_100_std": -0.199326,
        "nauc_precision_at_100_diff1": 0.698756,
        "nauc_precision_at_1000_max": 0.544206,
        "nauc_precision_at_1000_std": 0.228519,
        "nauc_precision_at_1000_diff1": 0.394381,
        "nauc_mrr_at_1_max": 0.49268,
        "nauc_mrr_at_1_std": -0.148607,
        "nauc_mrr_at_1_diff1": 0.773597,
        "nauc_mrr_at_3_max": 0.489533,
        "nauc_mrr_at_3_std": -0.167967,
        "nauc_mrr_at_3_diff1": 0.742482,
        "nauc_mrr_at_5_max": 0.493104,
        "nauc_mrr_at_5_std": -0.160464,
        "nauc_mrr_at_5_diff1": 0.742638,
        "nauc_mrr_at_10_max": 0.493633,
        "nauc_mrr_at_10_std": -0.161104,
        "nauc_mrr_at_10_diff1": 0.743128,
        "nauc_mrr_at_20_max": 0.494008,
        "nauc_mrr_at_20_std": -0.159507,
        "nauc_mrr_at_20_diff1": 0.743378,
        "nauc_mrr_at_100_max": 0.493732,
        "nauc_mrr_at_100_std": -0.160103,
        "nauc_mrr_at_100_diff1": 0.744138,
        "nauc_mrr_at_1000_max": 0.49369,
        "nauc_mrr_at_1000_std": -0.16006,
        "nauc_mrr_at_1000_diff1": 0.744161,
        "hit_rate_at_1": 0.62669,
        "hit_rate_at_3": 0.75416,
        "hit_rate_at_5": 0.79969,
        "hit_rate_at_10": 0.84898,
        "hit_rate_at_20": 0.8967,
        "hit_rate_at_100": 0.96358,
        "hit_rate_at_1000": 0.99686,
        "main_score": 0.73639,
        "hf_subset": "default",
        "languages": [
          "eng-Latn"
        ]
      }
    ]
  },
  "evaluation_time": 289.3116030693054,
  "kg_co2_emissions": null,
  "date": null
}