{
  "dataset_revision": "local",
  "task_name": "ChempileRetrievalC1",
  "mteb_version": "2.10.14",
  "scores": {
    "test": [
      {
        "ndcg_at_1": 0.3923,
        "ndcg_at_3": 0.46866,
        "ndcg_at_5": 0.4913,
        "ndcg_at_10": 0.51455,
        "ndcg_at_20": 0.52987,
        "ndcg_at_100": 0.55351,
        "ndcg_at_1000": 0.56735,
        "map_at_1": 0.3923,
        "map_at_3": 0.44996,
        "map_at_5": 0.46256,
        "map_at_10": 0.47215,
        "map_at_20": 0.47637,
        "map_at_100": 0.47963,
        "map_at_1000": 0.48011,
        "recall_at_1": 0.3923,
        "recall_at_3": 0.52274,
        "recall_at_5": 0.57758,
        "recall_at_10": 0.64947,
        "recall_at_20": 0.70995,
        "recall_at_100": 0.83751,
        "recall_at_1000": 0.949,
        "accuracy": 0.3923,
        "precision_at_1": 0.3923,
        "precision_at_3": 0.17425,
        "precision_at_5": 0.11552,
        "precision_at_10": 0.06495,
        "precision_at_20": 0.0355,
        "precision_at_100": 0.00838,
        "precision_at_1000": 0.00095,
        "mrr_at_1": 0.392296,
        "mrr_at_3": 0.449958,
        "mrr_at_5": 0.462559,
        "mrr_at_10": 0.472154,
        "mrr_at_20": 0.476373,
        "mrr_at_100": 0.479627,
        "mrr_at_1000": 0.480107,
        "nauc_ndcg_at_1_max": 0.420797,
        "nauc_ndcg_at_1_std": -0.105482,
        "nauc_ndcg_at_1_diff1": 0.648828,
        "nauc_ndcg_at_3_max": 0.409129,
        "nauc_ndcg_at_3_std": -0.092878,
        "nauc_ndcg_at_3_diff1": 0.589368,
        "nauc_ndcg_at_5_max": 0.404009,
        "nauc_ndcg_at_5_std": -0.090052,
        "nauc_ndcg_at_5_diff1": 0.576883,
        "nauc_ndcg_at_10_max": 0.403495,
        "nauc_ndcg_at_10_std": -0.0832,
        "nauc_ndcg_at_10_diff1": 0.569212,
        "nauc_ndcg_at_20_max": 0.403561,
        "nauc_ndcg_at_20_std": -0.077666,
        "nauc_ndcg_at_20_diff1": 0.567341,
        "nauc_ndcg_at_100_max": 0.407704,
        "nauc_ndcg_at_100_std": -0.070283,
        "nauc_ndcg_at_100_diff1": 0.572149,
        "nauc_ndcg_at_1000_max": 0.408384,
        "nauc_ndcg_at_1000_std": -0.074859,
        "nauc_ndcg_at_1000_diff1": 0.577708,
        "nauc_map_at_1_max": 0.420797,
        "nauc_map_at_1_std": -0.105482,
        "nauc_map_at_1_diff1": 0.648828,
        "nauc_map_at_3_max": 0.412241,
        "nauc_map_at_3_std": -0.095929,
        "nauc_map_at_3_diff1": 0.603968,
        "nauc_map_at_5_max": 0.409406,
        "nauc_map_at_5_std": -0.094469,
        "nauc_map_at_5_diff1": 0.597303,
        "nauc_map_at_10_max": 0.409217,
        "nauc_map_at_10_std": -0.091856,
        "nauc_map_at_10_diff1": 0.594391,
        "nauc_map_at_20_max": 0.409308,
        "nauc_map_at_20_std": -0.090406,
        "nauc_map_at_20_diff1": 0.594085,
        "nauc_map_at_100_max": 0.409955,
        "nauc_map_at_100_std": -0.089417,
        "nauc_map_at_100_diff1": 0.59482,
        "nauc_map_at_1000_max": 0.409987,
        "nauc_map_at_1000_std": -0.089528,
        "nauc_map_at_1000_diff1": 0.594999,
        "nauc_recall_at_1_max": 0.420797,
        "nauc_recall_at_1_std": -0.105482,
        "nauc_recall_at_1_diff1": 0.648828,
        "nauc_recall_at_3_max": 0.39975,
        "nauc_recall_at_3_std": -0.083803,
        "nauc_recall_at_3_diff1": 0.545858,
        "nauc_recall_at_5_max": 0.386366,
        "nauc_recall_at_5_std": -0.07579,
        "nauc_recall_at_5_diff1": 0.511262,
        "nauc_recall_at_10_max": 0.3827,
        "nauc_recall_at_10_std": -0.049277,
        "nauc_recall_at_10_diff1": 0.476668,
        "nauc_recall_at_20_max": 0.379769,
        "nauc_recall_at_20_std": -0.017369,
        "nauc_recall_at_20_diff1": 0.454276,
        "nauc_recall_at_100_max": 0.405663,
        "nauc_recall_at_100_std": 0.093368,
        "nauc_recall_at_100_diff1": 0.435739,
        "nauc_recall_at_1000_max": 0.427342,
        "nauc_recall_at_1000_std": 0.190984,
        "nauc_recall_at_1000_diff1": 0.421505,
        "nauc_precision_at_1_max": 0.420797,
        "nauc_precision_at_1_std": -0.105482,
        "nauc_precision_at_1_diff1": 0.648828,
        "nauc_precision_at_3_max": 0.39975,
        "nauc_precision_at_3_std": -0.083803,
        "nauc_precision_at_3_diff1": 0.545858,
        "nauc_precision_at_5_max": 0.386366,
        "nauc_precision_at_5_std": -0.07579,
        "nauc_precision_at_5_diff1": 0.511262,
        "nauc_precision_at_10_max": 0.3827,
        "nauc_precision_at_10_std": -0.049277,
        "nauc_precision_at_10_diff1": 0.476668,
        "nauc_precision_at_20_max": 0.379769,
        "nauc_precision_at_20_std": -0.017369,
        "nauc_precision_at_20_diff1": 0.454276,
        "nauc_precision_at_100_max": 0.405663,
        "nauc_precision_at_100_std": 0.093368,
        "nauc_precision_at_100_diff1": 0.435739,
        "nauc_precision_at_1000_max": 0.427342,
        "nauc_precision_at_1000_std": 0.190984,
        "nauc_precision_at_1000_diff1": 0.421505,
        "nauc_mrr_at_1_max": 0.420797,
        "nauc_mrr_at_1_std": -0.105482,
        "nauc_mrr_at_1_diff1": 0.648828,
        "nauc_mrr_at_3_max": 0.412241,
        "nauc_mrr_at_3_std": -0.095929,
        "nauc_mrr_at_3_diff1": 0.603968,
        "nauc_mrr_at_5_max": 0.409406,
        "nauc_mrr_at_5_std": -0.094469,
        "nauc_mrr_at_5_diff1": 0.597303,
        "nauc_mrr_at_10_max": 0.409217,
        "nauc_mrr_at_10_std": -0.091856,
        "nauc_mrr_at_10_diff1": 0.594391,
        "nauc_mrr_at_20_max": 0.409308,
        "nauc_mrr_at_20_std": -0.090406,
        "nauc_mrr_at_20_diff1": 0.594085,
        "nauc_mrr_at_100_max": 0.409955,
        "nauc_mrr_at_100_std": -0.089417,
        "nauc_mrr_at_100_diff1": 0.59482,
        "nauc_mrr_at_1000_max": 0.409987,
        "nauc_mrr_at_1000_std": -0.089528,
        "nauc_mrr_at_1000_diff1": 0.594999,
        "hit_rate_at_1": 0.3923,
        "hit_rate_at_3": 0.52274,
        "hit_rate_at_5": 0.57758,
        "hit_rate_at_10": 0.64947,
        "hit_rate_at_20": 0.70995,
        "hit_rate_at_100": 0.83751,
        "hit_rate_at_1000": 0.949,
        "main_score": 0.51455,
        "hf_subset": "default",
        "languages": [
          "eng-Latn"
        ]
      }
    ]
  },
  "evaluation_time": 561.2655079364777,
  "kg_co2_emissions": null,
  "date": null
}