{
  "dataset_revision": "local",
  "task_name": "ChempileRetrievalB3",
  "mteb_version": "2.10.14",
  "scores": {
    "test": [
      {
        "ndcg_at_1": 0.62987,
        "ndcg_at_3": 0.70453,
        "ndcg_at_5": 0.72374,
        "ndcg_at_10": 0.74022,
        "ndcg_at_20": 0.75171,
        "ndcg_at_100": 0.76391,
        "ndcg_at_1000": 0.768,
        "map_at_1": 0.62987,
        "map_at_3": 0.68612,
        "map_at_5": 0.69684,
        "map_at_10": 0.70378,
        "map_at_20": 0.70695,
        "map_at_100": 0.7087,
        "map_at_1000": 0.70885,
        "recall_at_1": 0.62987,
        "recall_at_3": 0.75783,
        "recall_at_5": 0.80423,
        "recall_at_10": 0.85448,
        "recall_at_20": 0.89978,
        "recall_at_100": 0.96458,
        "recall_at_1000": 0.99698,
        "accuracy": 0.62987,
        "precision_at_1": 0.62987,
        "precision_at_3": 0.25261,
        "precision_at_5": 0.16085,
        "precision_at_10": 0.08545,
        "precision_at_20": 0.04499,
        "precision_at_100": 0.00965,
        "precision_at_1000": 0.001,
        "mrr_at_1": 0.629874,
        "mrr_at_3": 0.686116,
        "mrr_at_5": 0.696838,
        "mrr_at_10": 0.703775,
        "mrr_at_20": 0.706947,
        "mrr_at_100": 0.708696,
        "mrr_at_1000": 0.708845,
        "nauc_ndcg_at_1_max": 0.494692,
        "nauc_ndcg_at_1_std": -0.146388,
        "nauc_ndcg_at_1_diff1": 0.769054,
        "nauc_ndcg_at_3_max": 0.48742,
        "nauc_ndcg_at_3_std": -0.171206,
        "nauc_ndcg_at_3_diff1": 0.725372,
        "nauc_ndcg_at_5_max": 0.493227,
        "nauc_ndcg_at_5_std": -0.160462,
        "nauc_ndcg_at_5_diff1": 0.725729,
        "nauc_ndcg_at_10_max": 0.494049,
        "nauc_ndcg_at_10_std": -0.160432,
        "nauc_ndcg_at_10_diff1": 0.72689,
        "nauc_ndcg_at_20_max": 0.496966,
        "nauc_ndcg_at_20_std": -0.152159,
        "nauc_ndcg_at_20_diff1": 0.727835,
        "nauc_ndcg_at_100_max": 0.495387,
        "nauc_ndcg_at_100_std": -0.157357,
        "nauc_ndcg_at_100_diff1": 0.733758,
        "nauc_ndcg_at_1000_max": 0.49434,
        "nauc_ndcg_at_1000_std": -0.156736,
        "nauc_ndcg_at_1000_diff1": 0.734198,
        "nauc_map_at_1_max": 0.494692,
        "nauc_map_at_1_std": -0.146388,
        "nauc_map_at_1_diff1": 0.769054,
        "nauc_map_at_3_max": 0.488934,
        "nauc_map_at_3_std": -0.164882,
        "nauc_map_at_3_diff1": 0.737057,
        "nauc_map_at_5_max": 0.492158,
        "nauc_map_at_5_std": -0.158901,
        "nauc_map_at_5_diff1": 0.737613,
        "nauc_map_at_10_max": 0.492693,
        "nauc_map_at_10_std": -0.158684,
        "nauc_map_at_10_diff1": 0.738439,
        "nauc_map_at_20_max": 0.493344,
        "nauc_map_at_20_std": -0.156823,
        "nauc_map_at_20_diff1": 0.738773,
        "nauc_map_at_100_max": 0.493121,
        "nauc_map_at_100_std": -0.157504,
        "nauc_map_at_100_diff1": 0.73956,
        "nauc_map_at_1000_max": 0.493082,
        "nauc_map_at_1000_std": -0.157503,
        "nauc_map_at_1000_diff1": 0.739584,
        "nauc_recall_at_1_max": 0.494692,
        "nauc_recall_at_1_std": -0.146388,
        "nauc_recall_at_1_diff1": 0.769054,
        "nauc_recall_at_3_max": 0.482365,
        "nauc_recall_at_3_std": -0.193087,
        "nauc_recall_at_3_diff1": 0.684651,
        "nauc_recall_at_5_max": 0.498635,
        "nauc_recall_at_5_std": -0.164774,
        "nauc_recall_at_5_diff1": 0.678119,
        "nauc_recall_at_10_max": 0.502041,
        "nauc_recall_at_10_std": -0.167447,
        "nauc_recall_at_10_diff1": 0.667965,
        "nauc_recall_at_20_max": 0.53029,
        "nauc_recall_at_20_std": -0.098238,
        "nauc_recall_at_20_diff1": 0.653173,
        "nauc_recall_at_100_max": 0.545394,
        "nauc_recall_at_100_std": -0.154839,
        "nauc_recall_at_100_diff1": 0.694795,
        "nauc_recall_at_1000_max": 0.570384,
        "nauc_recall_at_1000_std": 0.240174,
        "nauc_recall_at_1000_diff1": 0.474739,
        "nauc_precision_at_1_max": 0.494692,
        "nauc_precision_at_1_std": -0.146388,
        "nauc_precision_at_1_diff1": 0.769054,
        "nauc_precision_at_3_max": 0.482365,
        "nauc_precision_at_3_std": -0.193087,
        "nauc_precision_at_3_diff1": 0.684651,
        "nauc_precision_at_5_max": 0.498635,
        "nauc_precision_at_5_std": -0.164774,
        "nauc_precision_at_5_diff1": 0.678119,
        "nauc_precision_at_10_max": 0.502041,
        "nauc_precision_at_10_std": -0.167447,
        "nauc_precision_at_10_diff1": 0.667965,
        "nauc_precision_at_20_max": 0.53029,
        "nauc_precision_at_20_std": -0.098238,
        "nauc_precision_at_20_diff1": 0.653173,
        "nauc_precision_at_100_max": 0.545394,
        "nauc_precision_at_100_std": -0.154839,
        "nauc_precision_at_100_diff1": 0.694795,
        "nauc_precision_at_1000_max": 0.570384,
        "nauc_precision_at_1000_std": 0.240174,
        "nauc_precision_at_1000_diff1": 0.474739,
        "nauc_mrr_at_1_max": 0.494692,
        "nauc_mrr_at_1_std": -0.146388,
        "nauc_mrr_at_1_diff1": 0.769054,
        "nauc_mrr_at_3_max": 0.488934,
        "nauc_mrr_at_3_std": -0.164882,
        "nauc_mrr_at_3_diff1": 0.737057,
        "nauc_mrr_at_5_max": 0.492158,
        "nauc_mrr_at_5_std": -0.158901,
        "nauc_mrr_at_5_diff1": 0.737613,
        "nauc_mrr_at_10_max": 0.492693,
        "nauc_mrr_at_10_std": -0.158684,
        "nauc_mrr_at_10_diff1": 0.738439,
        "nauc_mrr_at_20_max": 0.493344,
        "nauc_mrr_at_20_std": -0.156823,
        "nauc_mrr_at_20_diff1": 0.738773,
        "nauc_mrr_at_100_max": 0.493121,
        "nauc_mrr_at_100_std": -0.157504,
        "nauc_mrr_at_100_diff1": 0.73956,
        "nauc_mrr_at_1000_max": 0.493082,
        "nauc_mrr_at_1000_std": -0.157503,
        "nauc_mrr_at_1000_diff1": 0.739584,
        "hit_rate_at_1": 0.62987,
        "hit_rate_at_3": 0.75783,
        "hit_rate_at_5": 0.80423,
        "hit_rate_at_10": 0.85448,
        "hit_rate_at_20": 0.89978,
        "hit_rate_at_100": 0.96458,
        "hit_rate_at_1000": 0.99698,
        "main_score": 0.74022,
        "hf_subset": "default",
        "languages": [
          "eng-Latn"
        ]
      }
    ]
  },
  "evaluation_time": 343.03497290611267,
  "kg_co2_emissions": null,
  "date": null
}