{
  "dataset_revision": "local",
  "task_name": "ChempileRetrievalB2",
  "mteb_version": "2.10.14",
  "scores": {
    "test": [
      {
        "ndcg_at_1": 0.595,
        "ndcg_at_3": 0.67497,
        "ndcg_at_5": 0.69576,
        "ndcg_at_10": 0.71251,
        "ndcg_at_20": 0.72427,
        "ndcg_at_100": 0.7377,
        "ndcg_at_1000": 0.74319,
        "map_at_1": 0.595,
        "map_at_3": 0.65518,
        "map_at_5": 0.66677,
        "map_at_10": 0.67372,
        "map_at_20": 0.67696,
        "map_at_100": 0.67883,
        "map_at_1000": 0.67904,
        "recall_at_1": 0.595,
        "recall_at_3": 0.73229,
        "recall_at_5": 0.78254,
        "recall_at_10": 0.83416,
        "recall_at_20": 0.88056,
        "recall_at_100": 0.95277,
        "recall_at_1000": 0.99561,
        "accuracy": 0.595,
        "precision_at_1": 0.595,
        "precision_at_3": 0.2441,
        "precision_at_5": 0.15651,
        "precision_at_10": 0.08342,
        "precision_at_20": 0.04403,
        "precision_at_100": 0.00953,
        "precision_at_1000": 0.001,
        "mrr_at_1": 0.595003,
        "mrr_at_3": 0.65518,
        "mrr_at_5": 0.666767,
        "mrr_at_10": 0.673715,
        "mrr_at_20": 0.676956,
        "mrr_at_100": 0.678828,
        "mrr_at_1000": 0.679043,
        "nauc_ndcg_at_1_max": 0.50693,
        "nauc_ndcg_at_1_std": -0.114819,
        "nauc_ndcg_at_1_diff1": 0.758828,
        "nauc_ndcg_at_3_max": 0.494228,
        "nauc_ndcg_at_3_std": -0.137198,
        "nauc_ndcg_at_3_diff1": 0.709116,
        "nauc_ndcg_at_5_max": 0.49757,
        "nauc_ndcg_at_5_std": -0.133596,
        "nauc_ndcg_at_5_diff1": 0.704286,
        "nauc_ndcg_at_10_max": 0.500889,
        "nauc_ndcg_at_10_std": -0.125347,
        "nauc_ndcg_at_10_diff1": 0.705398,
        "nauc_ndcg_at_20_max": 0.501055,
        "nauc_ndcg_at_20_std": -0.125369,
        "nauc_ndcg_at_20_diff1": 0.708867,
        "nauc_ndcg_at_100_max": 0.501875,
        "nauc_ndcg_at_100_std": -0.124057,
        "nauc_ndcg_at_100_diff1": 0.713232,
        "nauc_ndcg_at_1000_max": 0.501038,
        "nauc_ndcg_at_1000_std": -0.124884,
        "nauc_ndcg_at_1000_diff1": 0.715038,
        "nauc_map_at_1_max": 0.50693,
        "nauc_map_at_1_std": -0.114819,
        "nauc_map_at_1_diff1": 0.758828,
        "nauc_map_at_3_max": 0.497579,
        "nauc_map_at_3_std": -0.132041,
        "nauc_map_at_3_diff1": 0.722197,
        "nauc_map_at_5_max": 0.499422,
        "nauc_map_at_5_std": -0.130094,
        "nauc_map_at_5_diff1": 0.719958,
        "nauc_map_at_10_max": 0.500627,
        "nauc_map_at_10_std": -0.127035,
        "nauc_map_at_10_diff1": 0.720576,
        "nauc_map_at_20_max": 0.500754,
        "nauc_map_at_20_std": -0.126908,
        "nauc_map_at_20_diff1": 0.721611,
        "nauc_map_at_100_max": 0.500837,
        "nauc_map_at_100_std": -0.126531,
        "nauc_map_at_100_diff1": 0.72212,
        "nauc_map_at_1000_max": 0.500792,
        "nauc_map_at_1000_std": -0.12657,
        "nauc_map_at_1000_diff1": 0.722163,
        "nauc_recall_at_1_max": 0.50693,
        "nauc_recall_at_1_std": -0.114819,
        "nauc_recall_at_1_diff1": 0.758828,
        "nauc_recall_at_3_max": 0.482723,
        "nauc_recall_at_3_std": -0.154526,
        "nauc_recall_at_3_diff1": 0.66421,
        "nauc_recall_at_5_max": 0.490933,
        "nauc_recall_at_5_std": -0.146081,
        "nauc_recall_at_5_diff1": 0.641854,
        "nauc_recall_at_10_max": 0.505519,
        "nauc_recall_at_10_std": -0.109491,
        "nauc_recall_at_10_diff1": 0.631449,
        "nauc_recall_at_20_max": 0.506896,
        "nauc_recall_at_20_std": -0.106745,
        "nauc_recall_at_20_diff1": 0.632349,
        "nauc_recall_at_100_max": 0.536942,
        "nauc_recall_at_100_std": -0.062311,
        "nauc_recall_at_100_diff1": 0.633263,
        "nauc_recall_at_1000_max": 0.62588,
        "nauc_recall_at_1000_std": 0.273751,
        "nauc_recall_at_1000_diff1": 0.59858,
        "nauc_precision_at_1_max": 0.50693,
        "nauc_precision_at_1_std": -0.114819,
        "nauc_precision_at_1_diff1": 0.758828,
        "nauc_precision_at_3_max": 0.482723,
        "nauc_precision_at_3_std": -0.154526,
        "nauc_precision_at_3_diff1": 0.66421,
        "nauc_precision_at_5_max": 0.490933,
        "nauc_precision_at_5_std": -0.146081,
        "nauc_precision_at_5_diff1": 0.641854,
        "nauc_precision_at_10_max": 0.505519,
        "nauc_precision_at_10_std": -0.109491,
        "nauc_precision_at_10_diff1": 0.631449,
        "nauc_precision_at_20_max": 0.506896,
        "nauc_precision_at_20_std": -0.106745,
        "nauc_precision_at_20_diff1": 0.632349,
        "nauc_precision_at_100_max": 0.536942,
        "nauc_precision_at_100_std": -0.062311,
        "nauc_precision_at_100_diff1": 0.633263,
        "nauc_precision_at_1000_max": 0.62588,
        "nauc_precision_at_1000_std": 0.273751,
        "nauc_precision_at_1000_diff1": 0.59858,
        "nauc_mrr_at_1_max": 0.50693,
        "nauc_mrr_at_1_std": -0.114819,
        "nauc_mrr_at_1_diff1": 0.758828,
        "nauc_mrr_at_3_max": 0.497579,
        "nauc_mrr_at_3_std": -0.132041,
        "nauc_mrr_at_3_diff1": 0.722197,
        "nauc_mrr_at_5_max": 0.499422,
        "nauc_mrr_at_5_std": -0.130094,
        "nauc_mrr_at_5_diff1": 0.719958,
        "nauc_mrr_at_10_max": 0.500627,
        "nauc_mrr_at_10_std": -0.127035,
        "nauc_mrr_at_10_diff1": 0.720576,
        "nauc_mrr_at_20_max": 0.500754,
        "nauc_mrr_at_20_std": -0.126908,
        "nauc_mrr_at_20_diff1": 0.721611,
        "nauc_mrr_at_100_max": 0.500837,
        "nauc_mrr_at_100_std": -0.126531,
        "nauc_mrr_at_100_diff1": 0.72212,
        "nauc_mrr_at_1000_max": 0.500792,
        "nauc_mrr_at_1000_std": -0.12657,
        "nauc_mrr_at_1000_diff1": 0.722163,
        "hit_rate_at_1": 0.595,
        "hit_rate_at_3": 0.73229,
        "hit_rate_at_5": 0.78254,
        "hit_rate_at_10": 0.83416,
        "hit_rate_at_20": 0.88056,
        "hit_rate_at_100": 0.95277,
        "hit_rate_at_1000": 0.99561,
        "main_score": 0.71251,
        "hf_subset": "default",
        "languages": [
          "eng-Latn"
        ]
      }
    ]
  },
  "evaluation_time": 333.7218940258026,
  "kg_co2_emissions": null,
  "date": null
}