{
  "dataset_revision": "local",
  "task_name": "ChempileRetrievalC2",
  "mteb_version": "2.10.14",
  "scores": {
    "test": [
      {
        "ndcg_at_1": 0.5399,
        "ndcg_at_3": 0.62363,
        "ndcg_at_5": 0.64516,
        "ndcg_at_10": 0.66494,
        "ndcg_at_20": 0.6773,
        "ndcg_at_100": 0.6923,
        "ndcg_at_1000": 0.7003,
        "map_at_1": 0.5399,
        "map_at_3": 0.60308,
        "map_at_5": 0.6151,
        "map_at_10": 0.62335,
        "map_at_20": 0.62679,
        "map_at_100": 0.62889,
        "map_at_1000": 0.62919,
        "recall_at_1": 0.5399,
        "recall_at_3": 0.68307,
        "recall_at_5": 0.73503,
        "recall_at_10": 0.79575,
        "recall_at_20": 0.84435,
        "recall_at_100": 0.92476,
        "recall_at_1000": 0.988,
        "accuracy": 0.5399,
        "precision_at_1": 0.5399,
        "precision_at_3": 0.22769,
        "precision_at_5": 0.14701,
        "precision_at_10": 0.07958,
        "precision_at_20": 0.04222,
        "precision_at_100": 0.00925,
        "precision_at_1000": 0.00099,
        "mrr_at_1": 0.539902,
        "mrr_at_3": 0.603084,
        "mrr_at_5": 0.615103,
        "mrr_at_10": 0.623351,
        "mrr_at_20": 0.626789,
        "mrr_at_100": 0.628892,
        "mrr_at_1000": 0.62919,
        "nauc_ndcg_at_1_max": 0.470466,
        "nauc_ndcg_at_1_std": -0.1066,
        "nauc_ndcg_at_1_diff1": 0.74132,
        "nauc_ndcg_at_3_max": 0.45963,
        "nauc_ndcg_at_3_std": -0.110596,
        "nauc_ndcg_at_3_diff1": 0.68496,
        "nauc_ndcg_at_5_max": 0.458848,
        "nauc_ndcg_at_5_std": -0.109549,
        "nauc_ndcg_at_5_diff1": 0.678174,
        "nauc_ndcg_at_10_max": 0.458573,
        "nauc_ndcg_at_10_std": -0.102831,
        "nauc_ndcg_at_10_diff1": 0.673774,
        "nauc_ndcg_at_20_max": 0.460693,
        "nauc_ndcg_at_20_std": -0.097919,
        "nauc_ndcg_at_20_diff1": 0.678028,
        "nauc_ndcg_at_100_max": 0.462039,
        "nauc_ndcg_at_100_std": -0.096389,
        "nauc_ndcg_at_100_diff1": 0.68335,
        "nauc_ndcg_at_1000_max": 0.461636,
        "nauc_ndcg_at_1000_std": -0.100064,
        "nauc_ndcg_at_1000_diff1": 0.686561,
        "nauc_map_at_1_max": 0.470466,
        "nauc_map_at_1_std": -0.1066,
        "nauc_map_at_1_diff1": 0.74132,
        "nauc_map_at_3_max": 0.462734,
        "nauc_map_at_3_std": -0.109652,
        "nauc_map_at_3_diff1": 0.6993,
        "nauc_map_at_5_max": 0.462296,
        "nauc_map_at_5_std": -0.109195,
        "nauc_map_at_5_diff1": 0.695979,
        "nauc_map_at_10_max": 0.462073,
        "nauc_map_at_10_std": -0.106915,
        "nauc_map_at_10_diff1": 0.694625,
        "nauc_map_at_20_max": 0.462661,
        "nauc_map_at_20_std": -0.105756,
        "nauc_map_at_20_diff1": 0.695919,
        "nauc_map_at_100_max": 0.462742,
        "nauc_map_at_100_std": -0.105582,
        "nauc_map_at_100_diff1": 0.696575,
        "nauc_map_at_1000_max": 0.462736,
        "nauc_map_at_1000_std": -0.105677,
        "nauc_map_at_1000_diff1": 0.696687,
        "nauc_recall_at_1_max": 0.470466,
        "nauc_recall_at_1_std": -0.1066,
        "nauc_recall_at_1_diff1": 0.74132,
        "nauc_recall_at_3_max": 0.449273,
        "nauc_recall_at_3_std": -0.113659,
        "nauc_recall_at_3_diff1": 0.637913,
        "nauc_recall_at_5_max": 0.446033,
        "nauc_recall_at_5_std": -0.110413,
        "nauc_recall_at_5_diff1": 0.611757,
        "nauc_recall_at_10_max": 0.443391,
        "nauc_recall_at_10_std": -0.079052,
        "nauc_recall_at_10_diff1": 0.577598,
        "nauc_recall_at_20_max": 0.453248,
        "nauc_recall_at_20_std": -0.038599,
        "nauc_recall_at_20_diff1": 0.579222,
        "nauc_recall_at_100_max": 0.474318,
        "nauc_recall_at_100_std": 0.043333,
        "nauc_recall_at_100_diff1": 0.581263,
        "nauc_recall_at_1000_max": 0.468495,
        "nauc_recall_at_1000_std": 0.174114,
        "nauc_recall_at_1000_diff1": 0.544639,
        "nauc_precision_at_1_max": 0.470466,
        "nauc_precision_at_1_std": -0.1066,
        "nauc_precision_at_1_diff1": 0.74132,
        "nauc_precision_at_3_max": 0.449273,
        "nauc_precision_at_3_std": -0.113659,
        "nauc_precision_at_3_diff1": 0.637913,
        "nauc_precision_at_5_max": 0.446033,
        "nauc_precision_at_5_std": -0.110413,
        "nauc_precision_at_5_diff1": 0.611757,
        "nauc_precision_at_10_max": 0.443391,
        "nauc_precision_at_10_std": -0.079052,
        "nauc_precision_at_10_diff1": 0.577598,
        "nauc_precision_at_20_max": 0.453248,
        "nauc_precision_at_20_std": -0.038599,
        "nauc_precision_at_20_diff1": 0.579222,
        "nauc_precision_at_100_max": 0.474318,
        "nauc_precision_at_100_std": 0.043333,
        "nauc_precision_at_100_diff1": 0.581263,
        "nauc_precision_at_1000_max": 0.468495,
        "nauc_precision_at_1000_std": 0.174114,
        "nauc_precision_at_1000_diff1": 0.544639,
        "nauc_mrr_at_1_max": 0.470466,
        "nauc_mrr_at_1_std": -0.1066,
        "nauc_mrr_at_1_diff1": 0.74132,
        "nauc_mrr_at_3_max": 0.462734,
        "nauc_mrr_at_3_std": -0.109652,
        "nauc_mrr_at_3_diff1": 0.6993,
        "nauc_mrr_at_5_max": 0.462296,
        "nauc_mrr_at_5_std": -0.109195,
        "nauc_mrr_at_5_diff1": 0.695979,
        "nauc_mrr_at_10_max": 0.462073,
        "nauc_mrr_at_10_std": -0.106915,
        "nauc_mrr_at_10_diff1": 0.694625,
        "nauc_mrr_at_20_max": 0.462661,
        "nauc_mrr_at_20_std": -0.105756,
        "nauc_mrr_at_20_diff1": 0.695919,
        "nauc_mrr_at_100_max": 0.462742,
        "nauc_mrr_at_100_std": -0.105582,
        "nauc_mrr_at_100_diff1": 0.696575,
        "nauc_mrr_at_1000_max": 0.462736,
        "nauc_mrr_at_1000_std": -0.105677,
        "nauc_mrr_at_1000_diff1": 0.696687,
        "hit_rate_at_1": 0.5399,
        "hit_rate_at_3": 0.68307,
        "hit_rate_at_5": 0.73503,
        "hit_rate_at_10": 0.79575,
        "hit_rate_at_20": 0.84435,
        "hit_rate_at_100": 0.92476,
        "hit_rate_at_1000": 0.988,
        "main_score": 0.66494,
        "hf_subset": "default",
        "languages": [
          "eng-Latn"
        ]
      }
    ]
  },
  "evaluation_time": 867.6812002658844,
  "kg_co2_emissions": null,
  "date": null
}