{
  "dataset_revision": "local",
  "task_name": "ChempileRetrievalA2",
  "mteb_version": "2.10.14",
  "scores": {
    "test": [
      {
        "ndcg_at_1": 0.59969,
        "ndcg_at_3": 0.67845,
        "ndcg_at_5": 0.69763,
        "ndcg_at_10": 0.71337,
        "ndcg_at_20": 0.72526,
        "ndcg_at_100": 0.73934,
        "ndcg_at_1000": 0.74501,
        "map_at_1": 0.59969,
        "map_at_3": 0.65892,
        "map_at_5": 0.6696,
        "map_at_10": 0.67615,
        "map_at_20": 0.67944,
        "map_at_100": 0.68142,
        "map_at_1000": 0.68165,
        "recall_at_1": 0.59969,
        "recall_at_3": 0.73501,
        "recall_at_5": 0.78148,
        "recall_at_10": 0.82983,
        "recall_at_20": 0.87661,
        "recall_at_100": 0.95196,
        "recall_at_1000": 0.99623,
        "accuracy": 0.59969,
        "precision_at_1": 0.59969,
        "precision_at_3": 0.245,
        "precision_at_5": 0.1563,
        "precision_at_10": 0.08298,
        "precision_at_20": 0.04383,
        "precision_at_100": 0.00952,
        "precision_at_1000": 0.001,
        "mrr_at_1": 0.599686,
        "mrr_at_3": 0.658922,
        "mrr_at_5": 0.669597,
        "mrr_at_10": 0.676147,
        "mrr_at_20": 0.679443,
        "mrr_at_100": 0.681424,
        "mrr_at_1000": 0.681646,
        "nauc_ndcg_at_1_max": 0.498857,
        "nauc_ndcg_at_1_std": -0.137409,
        "nauc_ndcg_at_1_diff1": 0.760944,
        "nauc_ndcg_at_3_max": 0.486591,
        "nauc_ndcg_at_3_std": -0.162813,
        "nauc_ndcg_at_3_diff1": 0.714035,
        "nauc_ndcg_at_5_max": 0.493612,
        "nauc_ndcg_at_5_std": -0.152816,
        "nauc_ndcg_at_5_diff1": 0.709213,
        "nauc_ndcg_at_10_max": 0.499333,
        "nauc_ndcg_at_10_std": -0.140951,
        "nauc_ndcg_at_10_diff1": 0.710183,
        "nauc_ndcg_at_20_max": 0.499648,
        "nauc_ndcg_at_20_std": -0.142694,
        "nauc_ndcg_at_20_diff1": 0.713207,
        "nauc_ndcg_at_100_max": 0.498781,
        "nauc_ndcg_at_100_std": -0.143626,
        "nauc_ndcg_at_100_diff1": 0.717696,
        "nauc_ndcg_at_1000_max": 0.497005,
        "nauc_ndcg_at_1000_std": -0.145166,
        "nauc_ndcg_at_1000_diff1": 0.719398,
        "nauc_map_at_1_max": 0.498857,
        "nauc_map_at_1_std": -0.137409,
        "nauc_map_at_1_diff1": 0.760944,
        "nauc_map_at_3_max": 0.489858,
        "nauc_map_at_3_std": -0.156952,
        "nauc_map_at_3_diff1": 0.726395,
        "nauc_map_at_5_max": 0.493626,
        "nauc_map_at_5_std": -0.15162,
        "nauc_map_at_5_diff1": 0.724131,
        "nauc_map_at_10_max": 0.495647,
        "nauc_map_at_10_std": -0.147417,
        "nauc_map_at_10_diff1": 0.724745,
        "nauc_map_at_20_max": 0.495751,
        "nauc_map_at_20_std": -0.147769,
        "nauc_map_at_20_diff1": 0.725676,
        "nauc_map_at_100_max": 0.495574,
        "nauc_map_at_100_std": -0.147743,
        "nauc_map_at_100_diff1": 0.726161,
        "nauc_map_at_1000_max": 0.49551,
        "nauc_map_at_1000_std": -0.147787,
        "nauc_map_at_1000_diff1": 0.726204,
        "nauc_recall_at_1_max": 0.498857,
        "nauc_recall_at_1_std": -0.137409,
        "nauc_recall_at_1_diff1": 0.760944,
        "nauc_recall_at_3_max": 0.475334,
        "nauc_recall_at_3_std": -0.182555,
        "nauc_recall_at_3_diff1": 0.671514,
        "nauc_recall_at_5_max": 0.49488,
        "nauc_recall_at_5_std": -0.154961,
        "nauc_recall_at_5_diff1": 0.650175,
        "nauc_recall_at_10_max": 0.522779,
        "nauc_recall_at_10_std": -0.098113,
        "nauc_recall_at_10_diff1": 0.640612,
        "nauc_recall_at_20_max": 0.531988,
        "nauc_recall_at_20_std": -0.09914,
        "nauc_recall_at_20_diff1": 0.639335,
        "nauc_recall_at_100_max": 0.56397,
        "nauc_recall_at_100_std": -0.065485,
        "nauc_recall_at_100_diff1": 0.646479,
        "nauc_recall_at_1000_max": 0.56789,
        "nauc_recall_at_1000_std": 0.151295,
        "nauc_recall_at_1000_diff1": 0.608644,
        "nauc_precision_at_1_max": 0.498857,
        "nauc_precision_at_1_std": -0.137409,
        "nauc_precision_at_1_diff1": 0.760944,
        "nauc_precision_at_3_max": 0.475334,
        "nauc_precision_at_3_std": -0.182555,
        "nauc_precision_at_3_diff1": 0.671514,
        "nauc_precision_at_5_max": 0.49488,
        "nauc_precision_at_5_std": -0.154961,
        "nauc_precision_at_5_diff1": 0.650175,
        "nauc_precision_at_10_max": 0.522779,
        "nauc_precision_at_10_std": -0.098113,
        "nauc_precision_at_10_diff1": 0.640612,
        "nauc_precision_at_20_max": 0.531988,
        "nauc_precision_at_20_std": -0.09914,
        "nauc_precision_at_20_diff1": 0.639335,
        "nauc_precision_at_100_max": 0.56397,
        "nauc_precision_at_100_std": -0.065485,
        "nauc_precision_at_100_diff1": 0.646479,
        "nauc_precision_at_1000_max": 0.56789,
        "nauc_precision_at_1000_std": 0.151295,
        "nauc_precision_at_1000_diff1": 0.608644,
        "nauc_mrr_at_1_max": 0.498857,
        "nauc_mrr_at_1_std": -0.137409,
        "nauc_mrr_at_1_diff1": 0.760944,
        "nauc_mrr_at_3_max": 0.489858,
        "nauc_mrr_at_3_std": -0.156952,
        "nauc_mrr_at_3_diff1": 0.726395,
        "nauc_mrr_at_5_max": 0.493626,
        "nauc_mrr_at_5_std": -0.15162,
        "nauc_mrr_at_5_diff1": 0.724131,
        "nauc_mrr_at_10_max": 0.495647,
        "nauc_mrr_at_10_std": -0.147417,
        "nauc_mrr_at_10_diff1": 0.724745,
        "nauc_mrr_at_20_max": 0.495751,
        "nauc_mrr_at_20_std": -0.147769,
        "nauc_mrr_at_20_diff1": 0.725676,
        "nauc_mrr_at_100_max": 0.495574,
        "nauc_mrr_at_100_std": -0.147743,
        "nauc_mrr_at_100_diff1": 0.726161,
        "nauc_mrr_at_1000_max": 0.49551,
        "nauc_mrr_at_1000_std": -0.147787,
        "nauc_mrr_at_1000_diff1": 0.726204,
        "hit_rate_at_1": 0.59969,
        "hit_rate_at_3": 0.73501,
        "hit_rate_at_5": 0.78148,
        "hit_rate_at_10": 0.82983,
        "hit_rate_at_20": 0.87661,
        "hit_rate_at_100": 0.95196,
        "hit_rate_at_1000": 0.99623,
        "main_score": 0.71337,
        "hf_subset": "default",
        "languages": [
          "eng-Latn"
        ]
      }
    ]
  },
  "evaluation_time": 284.04006695747375,
  "kg_co2_emissions": null,
  "date": null
}