{
  "dataset_revision": "local",
  "task_name": "ChempileRetrievalC1",
  "mteb_version": "2.10.14",
  "scores": {
    "test": [
      {
        "ndcg_at_1": 0.37694,
        "ndcg_at_3": 0.45204,
        "ndcg_at_5": 0.47332,
        "ndcg_at_10": 0.49704,
        "ndcg_at_20": 0.51393,
        "ndcg_at_100": 0.53731,
        "ndcg_at_1000": 0.55241,
        "map_at_1": 0.37694,
        "map_at_3": 0.4338,
        "map_at_5": 0.44562,
        "map_at_10": 0.45546,
        "map_at_20": 0.46008,
        "map_at_100": 0.46328,
        "map_at_1000": 0.46381,
        "recall_at_1": 0.37694,
        "recall_at_3": 0.50474,
        "recall_at_5": 0.55634,
        "recall_at_10": 0.62943,
        "recall_at_20": 0.69639,
        "recall_at_100": 0.82275,
        "recall_at_1000": 0.9442,
        "accuracy": 0.37694,
        "precision_at_1": 0.37694,
        "precision_at_3": 0.16825,
        "precision_at_5": 0.11127,
        "precision_at_10": 0.06294,
        "precision_at_20": 0.03482,
        "precision_at_100": 0.00823,
        "precision_at_1000": 0.00094,
        "mrr_at_1": 0.376935,
        "mrr_at_3": 0.433797,
        "mrr_at_5": 0.445624,
        "mrr_at_10": 0.455459,
        "mrr_at_20": 0.460078,
        "mrr_at_100": 0.463284,
        "mrr_at_1000": 0.46381,
        "nauc_ndcg_at_1_max": 0.418958,
        "nauc_ndcg_at_1_std": -0.119514,
        "nauc_ndcg_at_1_diff1": 0.644186,
        "nauc_ndcg_at_3_max": 0.404421,
        "nauc_ndcg_at_3_std": -0.108195,
        "nauc_ndcg_at_3_diff1": 0.578265,
        "nauc_ndcg_at_5_max": 0.401625,
        "nauc_ndcg_at_5_std": -0.102922,
        "nauc_ndcg_at_5_diff1": 0.56768,
        "nauc_ndcg_at_10_max": 0.402183,
        "nauc_ndcg_at_10_std": -0.09322,
        "nauc_ndcg_at_10_diff1": 0.560893,
        "nauc_ndcg_at_20_max": 0.402415,
        "nauc_ndcg_at_20_std": -0.086313,
        "nauc_ndcg_at_20_diff1": 0.558204,
        "nauc_ndcg_at_100_max": 0.40412,
        "nauc_ndcg_at_100_std": -0.081047,
        "nauc_ndcg_at_100_diff1": 0.561231,
        "nauc_ndcg_at_1000_max": 0.406354,
        "nauc_ndcg_at_1000_std": -0.085343,
        "nauc_ndcg_at_1000_diff1": 0.567936,
        "nauc_map_at_1_max": 0.418958,
        "nauc_map_at_1_std": -0.119514,
        "nauc_map_at_1_diff1": 0.644186,
        "nauc_map_at_3_max": 0.408376,
        "nauc_map_at_3_std": -0.110828,
        "nauc_map_at_3_diff1": 0.594444,
        "nauc_map_at_5_max": 0.406852,
        "nauc_map_at_5_std": -0.108035,
        "nauc_map_at_5_diff1": 0.588779,
        "nauc_map_at_10_max": 0.407037,
        "nauc_map_at_10_std": -0.104063,
        "nauc_map_at_10_diff1": 0.58618,
        "nauc_map_at_20_max": 0.407133,
        "nauc_map_at_20_std": -0.102428,
        "nauc_map_at_20_diff1": 0.585672,
        "nauc_map_at_100_max": 0.407298,
        "nauc_map_at_100_std": -0.101901,
        "nauc_map_at_100_diff1": 0.586161,
        "nauc_map_at_1000_max": 0.407381,
        "nauc_map_at_1000_std": -0.101995,
        "nauc_map_at_1000_diff1": 0.586365,
        "nauc_recall_at_1_max": 0.418958,
        "nauc_recall_at_1_std": -0.119514,
        "nauc_recall_at_1_diff1": 0.644186,
        "nauc_recall_at_3_max": 0.392638,
        "nauc_recall_at_3_std": -0.10052,
        "nauc_recall_at_3_diff1": 0.53072,
        "nauc_recall_at_5_max": 0.385062,
        "nauc_recall_at_5_std": -0.086426,
        "nauc_recall_at_5_diff1": 0.50147,
        "nauc_recall_at_10_max": 0.385853,
        "nauc_recall_at_10_std": -0.051875,
        "nauc_recall_at_10_diff1": 0.471632,
        "nauc_recall_at_20_max": 0.384645,
        "nauc_recall_at_20_std": -0.011137,
        "nauc_recall_at_20_diff1": 0.445607,
        "nauc_recall_at_100_max": 0.393968,
        "nauc_recall_at_100_std": 0.083797,
        "nauc_recall_at_100_diff1": 0.414835,
        "nauc_recall_at_1000_max": 0.465613,
        "nauc_recall_at_1000_std": 0.208572,
        "nauc_recall_at_1000_diff1": 0.4204,
        "nauc_precision_at_1_max": 0.418958,
        "nauc_precision_at_1_std": -0.119514,
        "nauc_precision_at_1_diff1": 0.644186,
        "nauc_precision_at_3_max": 0.392638,
        "nauc_precision_at_3_std": -0.10052,
        "nauc_precision_at_3_diff1": 0.53072,
        "nauc_precision_at_5_max": 0.385062,
        "nauc_precision_at_5_std": -0.086426,
        "nauc_precision_at_5_diff1": 0.50147,
        "nauc_precision_at_10_max": 0.385853,
        "nauc_precision_at_10_std": -0.051875,
        "nauc_precision_at_10_diff1": 0.471632,
        "nauc_precision_at_20_max": 0.384645,
        "nauc_precision_at_20_std": -0.011137,
        "nauc_precision_at_20_diff1": 0.445607,
        "nauc_precision_at_100_max": 0.393968,
        "nauc_precision_at_100_std": 0.083797,
        "nauc_precision_at_100_diff1": 0.414835,
        "nauc_precision_at_1000_max": 0.465613,
        "nauc_precision_at_1000_std": 0.208572,
        "nauc_precision_at_1000_diff1": 0.4204,
        "nauc_mrr_at_1_max": 0.418958,
        "nauc_mrr_at_1_std": -0.119514,
        "nauc_mrr_at_1_diff1": 0.644186,
        "nauc_mrr_at_3_max": 0.408376,
        "nauc_mrr_at_3_std": -0.110828,
        "nauc_mrr_at_3_diff1": 0.594444,
        "nauc_mrr_at_5_max": 0.406852,
        "nauc_mrr_at_5_std": -0.108035,
        "nauc_mrr_at_5_diff1": 0.588779,
        "nauc_mrr_at_10_max": 0.407037,
        "nauc_mrr_at_10_std": -0.104063,
        "nauc_mrr_at_10_diff1": 0.58618,
        "nauc_mrr_at_20_max": 0.407133,
        "nauc_mrr_at_20_std": -0.102428,
        "nauc_mrr_at_20_diff1": 0.585672,
        "nauc_mrr_at_100_max": 0.407298,
        "nauc_mrr_at_100_std": -0.101901,
        "nauc_mrr_at_100_diff1": 0.586161,
        "nauc_mrr_at_1000_max": 0.407381,
        "nauc_mrr_at_1000_std": -0.101995,
        "nauc_mrr_at_1000_diff1": 0.586365,
        "hit_rate_at_1": 0.37694,
        "hit_rate_at_3": 0.50474,
        "hit_rate_at_5": 0.55634,
        "hit_rate_at_10": 0.62943,
        "hit_rate_at_20": 0.69639,
        "hit_rate_at_100": 0.82275,
        "hit_rate_at_1000": 0.9442,
        "main_score": 0.49704,
        "hf_subset": "default",
        "languages": [
          "eng-Latn"
        ]
      }
    ]
  },
  "evaluation_time": 549.1235582828522,
  "kg_co2_emissions": null,
  "date": null
}